logg,Teff,Z,aLSM,bLSM
3.5,4000,-5,0.026220049,0.214299226
3.5,4250,-5,0.044733628,0.221549038
4,4250,-5,0.030778704,0.210583379
3.5,4500,-5,0.092515962,0.249840207
4,4500,-5,0.06249815,0.233109958
3.5,4750,-5,0.117098307,0.276122664
4,4750,-5,0.087142705,0.256008414
4.5,4750,-5,0.063233601,0.237418309
3.5,5000,-5,0.11941301,0.256728485
4,5000,-5,0.11063693,0.249787336
4.5,5000,-5,0.094756833,0.242439778
5,5000,-5,0.078080323,0.233830834
3.5,5250,-5,0.123558452,0.259513824
4,5250,-5,0.11365754,0.257776378
4.5,5250,-5,0.104183931,0.250583001
5,5250,-5,0.082696942,0.271643807
3.5,5500,-5,0.127852379,0.259783464
4,5500,-5,0.118766935,0.262731444
4.5,5500,-5,0.109768376,0.259773729
5,5500,-5,0.099902092,0.254282915
3.5,5750,-5,0.129296523,0.259060735
4,5750,-5,0.120888992,0.26277846
4.5,5750,-5,0.113041321,0.262312259
5,5750,-5,0.103413753,0.259286389
3.5,6000,-5,0.127426881,0.257071668
4,6000,-5,0.121006851,0.262243731
4.5,6000,-5,0.11515142,0.263463585
5,6000,-5,0.107446077,0.262569866
3.5,6250,-5,0.123833129,0.256804371
4,6250,-5,0.119628291,0.261190878
4.5,6250,-5,0.115586588,0.263159739
5,6250,-5,0.109031034,0.262657538
3.5,6500,-5,0.11490873,0.257168157
4,6500,-5,0.114112761,0.260416232
4.5,6500,-5,0.11244851,0.261812181
5,6500,-5,0.109024991,0.261907838
3.5,6750,-5,0.106848918,0.257948142
4,6750,-5,0.108213282,0.260190977
4.5,6750,-5,0.10875698,0.261043754
5,6750,-5,0.107682115,0.260982905
3.5,7000,-5,0.093279826,0.258934761
4,7000,-5,0.097746075,0.25967792
4.5,7000,-5,0.101105687,0.259856193
5,7000,-5,0.102542143,0.259420074
3.5,7250,-5,0.086028131,0.258675332
4,7250,-5,0.090459781,0.258739822
4.5,7250,-5,0.094820086,0.258917144
5,7250,-5,0.098076937,0.258402351
3.5,7500,-5,0.090018701,0.230742874
4,7500,-5,0.081470628,0.255490244
4.5,7500,-5,0.085278437,0.256527778
5,7500,-5,0.089620763,0.256494388
3.5,7750,-5,0.108434388,0.218986663
4,7750,-5,0.07436106,0.248123779
4.5,7750,-5,0.079771746,0.254075566
5,7750,-5,0.083857474,0.254688623
3.5,8000,-5,0.130155439,0.204225629
4,8000,-5,0.092725601,0.227526942
4.5,8000,-5,0.071691144,0.245759316
5,8000,-5,0.076045501,0.250622083
3.5,8250,-5,0.137592432,0.187176224
4,8250,-5,0.112563607,0.211932696
4.5,8250,-5,0.074004658,0.237520517
5,8250,-5,0.072763589,0.246394465
3.5,8500,-5,0.12778183,0.183574103
4,8500,-5,0.131221389,0.181802306
4.5,8500,-5,0.103807761,0.212055121
5,8500,-5,0.06821621,0.23502538
3.5,8750,-5,0.122245705,0.18214091
4,8750,-5,0.125210609,0.178332661
4.5,8750,-5,0.122147807,0.186625324
5,8750,-5,0.087539455,0.22194341
3.5,9000,-5,0.115931589,0.179455554
4,9000,-5,0.118101276,0.175304188
4.5,9000,-5,0.120591152,0.172880347
5,9000,-5,0.113415008,0.186795764
3.5,9250,-5,0.115931589,0.179455554
4,9250,-5,0.118101276,0.175304188
4.5,9250,-5,0.120591152,0.172880347
5,9250,-5,0.113415008,0.186795764
3.5,9500,-5,0.115931589,0.179455554
4,9500,-5,0.118101276,0.175304188
4.5,9500,-5,0.120591152,0.172880347
5,9500,-5,0.113415008,0.186795764
3.5,9750,-5,0.115931589,0.179455554
4,9750,-5,0.118101276,0.175304188
4.5,9750,-5,0.120591152,0.172880347
5,9750,-5,0.113415008,0.186795764
3.5,10000,-5,0.115931589,0.179455554
4,10000,-5,0.118101276,0.175304188
4.5,10000,-5,0.120591152,0.172880347
5,10000,-5,0.113415008,0.186795764
3.5,3750,-4.5,0.018076745,0.287810451
3.5,4000,-4.5,0.026298499,0.221018629
4,4000,-4.5,0.019629337,0.22619736
3.5,4250,-4.5,0.04484191,0.224082642
4,4250,-4.5,0.031192345,0.212983871
4.5,4250,-4.5,0.025245154,0.210868819
3.5,4500,-4.5,0.0928255,0.250852429
4,4500,-4.5,0.062811756,0.234217372
4.5,4500,-4.5,0.043381983,0.219868364
5,4500,-4.5,0.033095657,0.206736577
3.5,4750,-4.5,0.117674897,0.276337115
4,4750,-4.5,0.087332879,0.256743221
4.5,4750,-4.5,0.063521575,0.237982151
5,4750,-4.5,0.045601146,0.222868588
3.5,5000,-4.5,0.119923639,0.256250951
4,5000,-4.5,0.110537856,0.249699416
4.5,5000,-4.5,0.093493185,0.243333669
5,5000,-4.5,0.070634504,0.251491743
3.5,5250,-4.5,0.123784726,0.259455295
4,5250,-4.5,0.114148153,0.257447827
4.5,5250,-4.5,0.104549329,0.250444584
5,5250,-4.5,0.083013408,0.271513966
3.5,5500,-4.5,0.128130391,0.259401886
4,5500,-4.5,0.118852302,0.262086141
4.5,5500,-4.5,0.1099181,0.259715049
5,5500,-4.5,0.099848485,0.254382461
3.5,5750,-4.5,0.129816221,0.258429408
4,5750,-4.5,0.121133795,0.262468044
4.5,5750,-4.5,0.113274499,0.261711218
5,5750,-4.5,0.10363586,0.259161834
3.5,6000,-4.5,0.127307717,0.257292609
4,6000,-4.5,0.12103054,0.261979388
4.5,6000,-4.5,0.115334017,0.263107666
5,6000,-4.5,0.10755596,0.262474428
3.5,6250,-4.5,0.123955603,0.256540258
4,6250,-4.5,0.119803153,0.260868916
4.5,6250,-4.5,0.115765258,0.262902943
5,6250,-4.5,0.10921679,0.262663099
3.5,6500,-4.5,0.114994524,0.256952472
4,6500,-4.5,0.114012077,0.260185809
4.5,6500,-4.5,0.112552816,0.26157669
5,6500,-4.5,0.109128539,0.261705323
3.5,6750,-4.5,0.106897754,0.25774559
4,6750,-4.5,0.108275336,0.259984381
4.5,6750,-4.5,0.108857327,0.260845915
5,6750,-4.5,0.107692796,0.260679565
3.5,7000,-4.5,0.093326389,0.25877343
4,7000,-4.5,0.097775757,0.259527678
4.5,7000,-4.5,0.101150106,0.259698819
5,7000,-4.5,0.102603725,0.259217749
3.5,7250,-4.5,0.086062146,0.25857365
4,7250,-4.5,0.090363274,0.2587319
4.5,7250,-4.5,0.094843312,0.258782347
5,7250,-4.5,0.097947863,0.258240343
3.5,7500,-4.5,0.089264068,0.232320656
4,7500,-4.5,0.081482138,0.2553821
4.5,7500,-4.5,0.085250069,0.256416101
5,7500,-4.5,0.08965669,0.256347723
3.5,7750,-4.5,0.108628928,0.218644624
4,7750,-4.5,0.074366951,0.248052602
4.5,7750,-4.5,0.079853353,0.253915434
5,7750,-4.5,0.083843138,0.254543292
3.5,8000,-4.5,0.130190866,0.204115897
4,8000,-4.5,0.092827888,0.22741519
4.5,8000,-4.5,0.07171271,0.245660957
5,8000,-4.5,0.076072421,0.250502508
3.5,8250,-4.5,0.137557081,0.187122934
4,8250,-4.5,0.112651008,0.211799435
4.5,8250,-4.5,0.073961527,0.237233229
5,8250,-4.5,0.072779288,0.246283304
3.5,8500,-4.5,0.127735401,0.183553723
4,8500,-4.5,0.131197049,0.181736449
4.5,8500,-4.5,0.103874473,0.211897496
5,8500,-4.5,0.068261358,0.234899415
3.5,8750,-4.5,0.122203805,0.18210623
4,8750,-4.5,0.125180344,0.178286516
4.5,8750,-4.5,0.122221195,0.186464164
5,8750,-4.5,0.087617421,0.221796785
3.5,9000,-4.5,0.115910889,0.179389069
4,9000,-4.5,0.118076035,0.175251168
4.5,9000,-4.5,0.120556944,0.172840454
5,9000,-4.5,0.113436166,0.186688371
3.5,9250,-4.5,0.115910889,0.179389069
4,9250,-4.5,0.118076035,0.175251168
4.5,9250,-4.5,0.120556944,0.172840454
5,9250,-4.5,0.113436166,0.186688371
3.5,9500,-4.5,0.115910889,0.179389069
4,9500,-4.5,0.118076035,0.175251168
4.5,9500,-4.5,0.120556944,0.172840454
5,9500,-4.5,0.113436166,0.186688371
3.5,9750,-4.5,0.115910889,0.179389069
4,9750,-4.5,0.118076035,0.175251168
4.5,9750,-4.5,0.120556944,0.172840454
5,9750,-4.5,0.113436166,0.186688371
3.5,10000,-4.5,0.115910889,0.179389069
4,10000,-4.5,0.118076035,0.175251168
4.5,10000,-4.5,0.120556944,0.172840454
5,10000,-4.5,0.113436166,0.186688371
3.5,3750,-4,0.030897968,0.28435495
3.5,4000,-4,0.026375414,0.239476256
4,4000,-4,0.021616285,0.247825284
4.5,4000,-4,0.021439898,0.264217347
3.5,4250,-4,0.045310123,0.232441709
4,4250,-4,0.029460048,0.223176734
3.5,4500,-4,0.094099297,0.254193357
4,4500,-4,0.062885211,0.23817325
4.5,4500,-4,0.044315488,0.222405965
5,4500,-4,0.031802398,0.215338059
3.5,4750,-4,0.118918614,0.277178763
4,4750,-4,0.088562824,0.258192113
4.5,4750,-4,0.064298019,0.240097141
5,4750,-4,0.046004822,0.225042248
3.5,5000,-4,0.120073012,0.256394437
4,5000,-4,0.110846765,0.250067205
4.5,5000,-4,0.096510537,0.242464973
5,5000,-4,0.079195789,0.231058526
3.5,5250,-4,0.124230022,0.258940536
4,5250,-4,0.114655676,0.257023674
4.5,5250,-4,0.104645161,0.250666539
5,5250,-4,0.09497527,0.248252674
3.5,5500,-4,0.128448796,0.2590147
4,5500,-4,0.119519975,0.261224177
4.5,5500,-4,0.110320041,0.259357584
5,5500,-4,0.10010299,0.254238357
3.5,5750,-4,0.129783123,0.258178846
4,5750,-4,0.121495191,0.261937932
4.5,5750,-4,0.113593243,0.261421141
5,5750,-4,0.103977518,0.25870572
3.5,6000,-4,0.127662572,0.256556626
4,6000,-4,0.121531539,0.26131011
4.5,6000,-4,0.11575382,0.262495647
5,6000,-4,0.107911405,0.261850473
3.5,6250,-4,0.12406828,0.256103707
4,6250,-4,0.120081821,0.260284777
4.5,6250,-4,0.115673855,0.262096598
5,6250,-4,0.109707133,0.261615154
3.5,6500,-4,0.115306204,0.256593611
4,6500,-4,0.114007876,0.259678307
4.5,6500,-4,0.112637464,0.261085011
5,6500,-4,0.109329044,0.261257087
3.5,6750,-4,0.106992403,0.257388194
4,6750,-4,0.108518383,0.259591712
4.5,6750,-4,0.109055867,0.260372545
5,6750,-4,0.107724638,0.26026758
3.5,7000,-4,0.093371582,0.258424871
4,7000,-4,0.098073716,0.259030651
4.5,7000,-4,0.1012795,0.25929942
5,7000,-4,0.102730892,0.258830868
3.5,7250,-4,0.086161854,0.25825908
4,7250,-4,0.090394314,0.258437114
4.5,7250,-4,0.095025071,0.258433952
5,7250,-4,0.098154537,0.257922326
3.5,7500,-4,0.089009631,0.234526716
4,7500,-4,0.081580644,0.255093795
4.5,7500,-4,0.08537281,0.256147522
5,7500,-4,0.089822338,0.256101402
3.5,7750,-4,0.108993761,0.218124775
4,7750,-4,0.074538136,0.2477027
4.5,7750,-4,0.079922169,0.253695102
5,7750,-4,0.083992943,0.254306184
3.5,8000,-4,0.130326886,0.203824157
4,8000,-4,0.093020514,0.227160098
4.5,8000,-4,0.071770693,0.245484091
5,8000,-4,0.076166848,0.250299004
3.5,8250,-4,0.13751287,0.186979539
4,8250,-4,0.112827372,0.211513587
4.5,8250,-4,0.073941085,0.236823523
5,8250,-4,0.07281441,0.246069206
3.5,8500,-4,0.127659871,0.183488975
4,8500,-4,0.131153347,0.181608578
4.5,8500,-4,0.103989745,0.211632752
5,8500,-4,0.068365791,0.234713736
3.5,8750,-4,0.122140586,0.182025291
4,8750,-4,0.125104299,0.178231998
4.5,8750,-4,0.122341399,0.186192538
5,8750,-4,0.08774084,0.22155872
3.5,9000,-4,0.11587087,0.179260874
4,9000,-4,0.118013783,0.175168364
4.5,9000,-4,0.120483741,0.172784603
5,9000,-4,0.113522765,0.186457033
3.5,9250,-4,0.11587087,0.179260874
4,9250,-4,0.118013783,0.175168364
4.5,9250,-4,0.120483741,0.172784603
5,9250,-4,0.113522765,0.186457033
3.5,9500,-4,0.11587087,0.179260874
4,9500,-4,0.118013783,0.175168364
4.5,9500,-4,0.120483741,0.172784603
5,9500,-4,0.113522765,0.186457033
3.5,9750,-4,0.11587087,0.179260874
4,9750,-4,0.118013783,0.175168364
4.5,9750,-4,0.120483741,0.172784603
5,9750,-4,0.113522765,0.186457033
3.5,10000,-4,0.11587087,0.179260874
4,10000,-4,0.118013783,0.175168364
4.5,10000,-4,0.120483741,0.172784603
5,10000,-4,0.113522765,0.186457033
3.5,3500,-3.5,0.046091354,0.297557527
3.5,3750,-3.5,0.045198212,0.275323963
4,3750,-3.5,0.04637452,0.281302322
3.5,4000,-3.5,0.031352055,0.265974603
4,4000,-3.5,0.028769241,0.267530247
4.5,4000,-3.5,0.031437904,0.273399849
3.5,4250,-3.5,0.048089072,0.254031227
4,4250,-3.5,0.031878414,0.248406921
4.5,4250,-3.5,0.025166453,0.25035388
3.5,4500,-3.5,0.097036726,0.261176725
4,4500,-3.5,0.065232958,0.246408868
4.5,4500,-3.5,0.044616379,0.234151516
5,4500,-3.5,0.032893123,0.225950057
3.5,4750,-3.5,0.121949931,0.279011886
4,4750,-3.5,0.096937788,0.235882315
4.5,4750,-3.5,0.071731971,0.231425129
5,4750,-3.5,0.046873447,0.231346241
3.5,5000,-3.5,0.160974316,0.275974723
4,5000,-3.5,0.120784283,0.285066066
4.5,5000,-3.5,0.092489316,0.272779285
5,5000,-3.5,0.071972659,0.254955867
3.5,5250,-3.5,0.190089349,0.25092002
4,5250,-3.5,0.144434502,0.280223037
4.5,5250,-3.5,0.109002513,0.284872964
5,5250,-3.5,0.084372313,0.273299382
3.5,5500,-3.5,0.129158864,0.258178065
4,5500,-3.5,0.119998162,0.260885612
4.5,5500,-3.5,0.110549259,0.259335609
5,5500,-3.5,0.099888021,0.255058686
3.5,5750,-3.5,0.130159167,0.257590392
4,5750,-3.5,0.121898163,0.261246718
4.5,5750,-3.5,0.114006448,0.260796745
5,5750,-3.5,0.10473271,0.25795578
3.5,6000,-3.5,0.12886584,0.255825624
4,6000,-3.5,0.1223075,0.260700398
4.5,6000,-3.5,0.116104035,0.261800598
5,6000,-3.5,0.108215104,0.26139987
3.5,6250,-3.5,0.124442534,0.255364088
4,6250,-3.5,0.120367562,0.259600177
4.5,6250,-3.5,0.116693972,0.261450777
5,6250,-3.5,0.110046497,0.26134701
3.5,6500,-3.5,0.115549633,0.255897856
4,6500,-3.5,0.114674156,0.258983177
4.5,6500,-3.5,0.113109832,0.260404285
5,6500,-3.5,0.109711515,0.260405422
3.5,6750,-3.5,0.107142131,0.256842869
4,6750,-3.5,0.108653764,0.258883358
4.5,6750,-3.5,0.109392885,0.259661068
5,6750,-3.5,0.108354802,0.259600429
3.5,7000,-3.5,0.093503543,0.258043896
4,7000,-3.5,0.09806449,0.258591219
4.5,7000,-3.5,0.101457996,0.258658681
5,7000,-3.5,0.103054517,0.25815895
3.5,7250,-3.5,0.086280016,0.257842824
4,7250,-3.5,0.090567831,0.257922405
4.5,7250,-3.5,0.095156451,0.257863469
5,7250,-3.5,0.098465128,0.25727651
3.5,7500,-3.5,0.087674587,0.239222593
4,7500,-3.5,0.081650775,0.254673096
4.5,7500,-3.5,0.085486288,0.255630962
5,7500,-3.5,0.089904623,0.255521936
3.5,7750,-3.5,0.109497121,0.217291606
4,7750,-3.5,0.074712056,0.247227108
4.5,7750,-3.5,0.080059007,0.253221685
5,7750,-3.5,0.084055855,0.25379028
3.5,8000,-3.5,0.130421163,0.203500783
4,8000,-3.5,0.093343911,0.226822208
4.5,8000,-3.5,0.071906883,0.245074978
5,8000,-3.5,0.076295078,0.249827635
3.5,8250,-3.5,0.137402687,0.186818152
4,8250,-3.5,0.113110795,0.211092276
4.5,8250,-3.5,0.074067963,0.236234483
5,8250,-3.5,0.072957991,0.245664536
3.5,8500,-3.5,0.127554154,0.183372683
4,8500,-3.5,0.131080497,0.181386904
4.5,8500,-3.5,0.104315045,0.211075475
5,8500,-3.5,0.068644028,0.234379431
3.5,8750,-3.5,0.12205629,0.181865706
4,8750,-3.5,0.125012318,0.178081481
4.5,8750,-3.5,0.122583746,0.185658746
5,8750,-3.5,0.088033415,0.221095633
3.5,9000,-3.5,0.115810306,0.179024707
4,9000,-3.5,0.117945627,0.174988975
4.5,9000,-3.5,0.120395074,0.172642359
5,9000,-3.5,0.113681592,0.186030706
3.5,9250,-3.5,0.115810306,0.179024707
4,9250,-3.5,0.117945627,0.174988975
4.5,9250,-3.5,0.120395074,0.172642359
5,9250,-3.5,0.113681592,0.186030706
3.5,9500,-3.5,0.115810306,0.179024707
4,9500,-3.5,0.117945627,0.174988975
4.5,9500,-3.5,0.120395074,0.172642359
5,9500,-3.5,0.113681592,0.186030706
3.5,9750,-3.5,0.115810306,0.179024707
4,9750,-3.5,0.117945627,0.174988975
4.5,9750,-3.5,0.120395074,0.172642359
5,9750,-3.5,0.113681592,0.186030706
3.5,10000,-3.5,0.115810306,0.179024707
4,10000,-3.5,0.117945627,0.174988975
4.5,10000,-3.5,0.120395074,0.172642359
5,10000,-3.5,0.113681592,0.186030706
3.5,3500,-3,0.048672896,0.290293911
4,3500,-3,0.04931794,0.303793874
3.5,3750,-3,0.054352946,0.26633499
4,3750,-3,0.050235215,0.274634343
4.5,3750,-3,0.048407328,0.287935481
5,3750,-3,0.051303401,0.307251136
3.5,4000,-3,0.054057993,0.277721075
4,4000,-3,0.044746639,0.273484578
4.5,4000,-3,0.043974927,0.270432736
5,4000,-3,0.046659172,0.270284649
3.5,4250,-3,0.062503051,0.277661714
4,4250,-3,0.043181824,0.270473759
4.5,4250,-3,0.03700164,0.267608031
5,4250,-3,0.035723391,0.271186158
3.5,4500,-3,0.105531559,0.251867472
4,4500,-3,0.075578427,0.250681145
4.5,4500,-3,0.05189085,0.247423774
5,4500,-3,0.036215141,0.246093283
3.5,4750,-3,0.114455371,0.25646263
4,4750,-3,0.099307321,0.246226963
4.5,4750,-3,0.075413481,0.239298317
5,4750,-3,0.052793105,0.238203006
3.5,5000,-3,0.125023724,0.253831315
4,5000,-3,0.113074661,0.253882318
4.5,5000,-3,0.098784327,0.246227152
5,5000,-3,0.079710803,0.242670841
3.5,5250,-3,0.126257539,0.25811305
4,5250,-3,0.116485179,0.257500867
4.5,5250,-3,0.106152218,0.252153453
5,5250,-3,0.091563417,0.247922908
3.5,5500,-3,0.129739977,0.257504467
4,5500,-3,0.12098668,0.260041758
4.5,5500,-3,0.111975072,0.258534259
5,5500,-3,0.1012136,0.254432923
3.5,5750,-3,0.13086363,0.256455284
4,5750,-3,0.123023444,0.260212423
4.5,5750,-3,0.114683637,0.260314959
5,5750,-3,0.105253555,0.257870593
3.5,6000,-3,0.128437251,0.255022623
4,6000,-3,0.122431833,0.259619821
4.5,6000,-3,0.116586172,0.260970226
5,6000,-3,0.108864839,0.260526602
3.5,6250,-3,0.124679552,0.254549693
4,6250,-3,0.120588361,0.258819069
4.5,6250,-3,0.116759027,0.260433602
5,6250,-3,0.110656715,0.260262201
3.5,6500,-3,0.11539985,0.255104623
4,6500,-3,0.114597142,0.258098983
4.5,6500,-3,0.113303734,0.259467598
5,6500,-3,0.109944369,0.259707708
3.5,6750,-3,0.107216286,0.256157921
4,6750,-3,0.108711895,0.257994645
4.5,6750,-3,0.109664757,0.258674606
5,6750,-3,0.108670462,0.258311726
3.5,7000,-3,0.093487894,0.257397661
4,7000,-3,0.098083303,0.257823069
4.5,7000,-3,0.101663946,0.25777967
5,7000,-3,0.103333889,0.257316262
3.5,7250,-3,0.086269279,0.257316359
4,7250,-3,0.090573553,0.257289657
4.5,7250,-3,0.095340256,0.257057841
5,7250,-3,0.098496167,0.256373966
3.5,7500,-3,0.087448122,0.240833045
4,7500,-3,0.081691482,0.254117566
4.5,7500,-3,0.085619113,0.255013432
5,7500,-3,0.090096357,0.254750027
3.5,7750,-3,0.109945865,0.216751925
4,7750,-3,0.074857327,0.246724631
4.5,7750,-3,0.080191975,0.252686426
5,7750,-3,0.08418054,0.253145313
3.5,8000,-3,0.130624127,0.203044453
4,8000,-3,0.093783695,0.226625026
4.5,8000,-3,0.072013941,0.244589823
5,8000,-3,0.076502921,0.249288529
3.5,8250,-3,0.137203707,0.186704666
4,8250,-3,0.113574675,0.210490395
4.5,8250,-3,0.074391392,0.23569982
5,8250,-3,0.073869836,0.24522191
3.5,8500,-3,0.127328738,0.183350603
4,8500,-3,0.130897495,0.181192031
4.5,8500,-3,0.104721478,0.210312408
5,8500,-3,0.069236579,0.233960991
3.5,8750,-3,0.121882909,0.181734088
4,8750,-3,0.124824802,0.177974458
4.5,8750,-3,0.122937947,0.184896176
5,8750,-3,0.088330185,0.220431617
3.5,9000,-3,0.115723355,0.178642799
4,9000,-3,0.117809284,0.174769873
4.5,9000,-3,0.120216653,0.172468944
5,9000,-3,0.113903512,0.185352499
3.5,9250,-3,0.115723355,0.178642799
4,9250,-3,0.117809284,0.174769873
4.5,9250,-3,0.120216653,0.172468944
5,9250,-3,0.113903512,0.185352499
3.5,9500,-3,0.115723355,0.178642799
4,9500,-3,0.117809284,0.174769873
4.5,9500,-3,0.120216653,0.172468944
5,9500,-3,0.113903512,0.185352499
3.5,9750,-3,0.115723355,0.178642799
4,9750,-3,0.117809284,0.174769873
4.5,9750,-3,0.120216653,0.172468944
5,9750,-3,0.113903512,0.185352499
3.5,10000,-3,0.115723355,0.178642799
4,10000,-3,0.117809284,0.174769873
4.5,10000,-3,0.120216653,0.172468944
5,10000,-3,0.113903512,0.185352499
3.5,3500,-2.5,0.052282748,0.281951245
4,3500,-2.5,0.051263025,0.294120051
3.5,3750,-2.5,0.060243532,0.269758149
4,3750,-2.5,0.051650157,0.271105139
4.5,3750,-2.5,0.050553143,0.282264218
3.5,4000,-2.5,0.092110159,0.277422457
4,4000,-2.5,0.06769565,0.273260197
4.5,4000,-2.5,0.057324767,0.266447147
3.5,4250,-2.5,0.104896274,0.292351247
4,4250,-2.5,0.074108023,0.285210819
4.5,4250,-2.5,0.058760084,0.277046428
5,4250,-2.5,0.050692767,0.271073751
3.5,4500,-2.5,0.117874601,0.285949502
4,4500,-2.5,0.093029941,0.281702076
4.5,4500,-2.5,0.06852458,0.275419666
5,4500,-2.5,0.050461663,0.271840229
3.5,4750,-2.5,0.119496538,0.274252494
4,4750,-2.5,0.105096488,0.270168072
4.5,4750,-2.5,0.083662306,0.26583885
5,4750,-2.5,0.060109797,0.2671522
3.5,5000,-2.5,0.125691448,0.260837518
4,5000,-2.5,0.114474926,0.261570454
4.5,5000,-2.5,0.103375746,0.256009204
5,5000,-2.5,0.08385741,0.257408208
3.5,5250,-2.5,0.128833676,0.258042288
4,5250,-2.5,0.118912886,0.259494385
4.5,5250,-2.5,0.107817584,0.257369072
5,5250,-2.5,0.095100919,0.255237012
3.5,5500,-2.5,0.13132508,0.256255452
4,5500,-2.5,0.122690106,0.259139036
4.5,5500,-2.5,0.113578913,0.258977816
5,5500,-2.5,0.102855424,0.255712671
3.5,5750,-2.5,0.131858109,0.255145035
4,5750,-2.5,0.123761824,0.259296468
4.5,5750,-2.5,0.116267852,0.259273157
5,5750,-2.5,0.106530526,0.258032653
3.5,6000,-2.5,0.129067171,0.253727936
4,6000,-2.5,0.123292295,0.258307082
4.5,6000,-2.5,0.117569624,0.259684077
5,6000,-2.5,0.110136798,0.259200901
3.5,6250,-2.5,0.12564841,0.253537393
4,6250,-2.5,0.121657809,0.257668834
4.5,6250,-2.5,0.117448496,0.259182613
5,6250,-2.5,0.111484833,0.259017708
3.5,6500,-2.5,0.11578193,0.254264894
4,6500,-2.5,0.115195546,0.256998707
4.5,6500,-2.5,0.113734731,0.258127946
5,6500,-2.5,0.110720611,0.257993595
3.5,6750,-2.5,0.107160222,0.255278886
4,6750,-2.5,0.108829281,0.257006714
4.5,6750,-2.5,0.110132478,0.257349474
5,6750,-2.5,0.109217044,0.257067553
3.5,7000,-2.5,0.093446392,0.256851315
4,7000,-2.5,0.098321327,0.256887708
4.5,7000,-2.5,0.101869934,0.25665133
5,7000,-2.5,0.10364954,0.255967169
3.5,7250,-2.5,0.086357178,0.256541509
4,7250,-2.5,0.090816622,0.256426579
4.5,7250,-2.5,0.095612102,0.256008657
5,7250,-2.5,0.098843545,0.255174674
3.5,7500,-2.5,0.087413005,0.241595212
4,7500,-2.5,0.0817061,0.253379466
4.5,7500,-2.5,0.085739421,0.254095478
5,7500,-2.5,0.08407189,0.254034485
3.5,7750,-2.5,0.110249385,0.216488869
4,7750,-2.5,0.075752653,0.246814542
4.5,7750,-2.5,0.080304542,0.251844566
5,7750,-2.5,0.084360874,0.252135232
3.5,8000,-2.5,0.130877037,0.202408771
4,8000,-2.5,0.094305983,0.226687721
4.5,8000,-2.5,0.07212214,0.243919617
5,8000,-2.5,0.076646338,0.248429901
3.5,8250,-2.5,0.136906523,0.186556279
4,8250,-2.5,0.114208334,0.209802262
4.5,8250,-2.5,0.075104634,0.235377426
5,8250,-2.5,0.12473453,0.197798959
3.5,8500,-2.5,0.127015675,0.183458668
4,8500,-2.5,0.13060852,0.18103307
4.5,8500,-2.5,0.105313986,0.209334842
5,8500,-2.5,0.072078934,0.233684948
3.5,8750,-2.5,0.121552852,0.181862571
4,8750,-2.5,0.124500808,0.177980319
4.5,8750,-2.5,0.123430366,0.183913749
5,8750,-2.5,0.088981206,0.219459186
3.5,9000,-2.5,0.115435475,0.178390793
4,9000,-2.5,0.117533447,0.174676777
4.5,9000,-2.5,0.11991045,0.172386177
5,9000,-2.5,0.114210144,0.184506085
3.5,9250,-2.5,0.115435475,0.178390793
4,9250,-2.5,0.117533447,0.174676777
4.5,9250,-2.5,0.11991045,0.172386177
5,9250,-2.5,0.114210144,0.184506085
3.5,9500,-2.5,0.115435475,0.178390793
4,9500,-2.5,0.117533447,0.174676777
4.5,9500,-2.5,0.11991045,0.172386177
5,9500,-2.5,0.114210144,0.184506085
3.5,9750,-2.5,0.115435475,0.178390793
4,9750,-2.5,0.117533447,0.174676777
4.5,9750,-2.5,0.11991045,0.172386177
5,9750,-2.5,0.114210144,0.184506085
3.5,10000,-2.5,0.115435475,0.178390793
4,10000,-2.5,0.117533447,0.174676777
4.5,10000,-2.5,0.11991045,0.172386177
5,10000,-2.5,0.114210144,0.184506085
3.5,3500,-2,0.053696781,0.29187342
4,3500,-2,0.052383276,0.29793839
4.5,3500,-2,0.054464446,0.300087834
5,3500,-2,0.058197186,0.313110678
3.5,3750,-2,0.072207656,0.270804136
4,3750,-2,0.056481456,0.275541931
4.5,3750,-2,0.057290905,0.275512156
5,3750,-2,0.049871942,0.293151952
3.5,4000,-2,0.147264176,0.258503002
4,4000,-2,0.09842596,0.258505298
4.5,4000,-2,0.070579745,0.262734964
5,4000,-2,0.057493738,0.267324958
3.5,4250,-2,0.173008532,0.279315619
4,4250,-2,0.129048039,0.272435236
4.5,4250,-2,0.090008039,0.273445892
5,4250,-2,0.068602588,0.26645026
3.5,4500,-2,0.154781329,0.301222624
4,4500,-2,0.137244296,0.297450262
4.5,4500,-2,0.108867643,0.293301974
5,4500,-2,0.083487558,0.2832519
3.5,4750,-2,0.140281691,0.292855357
4,4750,-2,0.128810899,0.295624243
4.5,4750,-2,0.111089978,0.292784066
5,4750,-2,0.090584925,0.284491823
3.5,5000,-2,0.198653344,0.247314185
4,5000,-2,0.161623658,0.274704858
4.5,5000,-2,0.110603611,0.278774817
5,5000,-2,0.095577255,0.275107715
3.5,5250,-2,0.133520996,0.260566179
4,5250,-2,0.124226614,0.264944068
4.5,5250,-2,0.115283521,0.267745041
5,5250,-2,0.100233805,0.268213185
3.5,5500,-2,0.134116514,0.255017912
4,5500,-2,0.126042893,0.258530421
4.5,5500,-2,0.117280979,0.260172634
5,5500,-2,0.106674212,0.259828569
3.5,5750,-2,0.133502447,0.253544897
4,5750,-2,0.12697866,0.258253111
4.5,5750,-2,0.118912395,0.258618613
5,5750,-2,0.109487005,0.258415419
3.5,6000,-2,0.130960675,0.25218799
4,6000,-2,0.124634443,0.256501692
4.5,6000,-2,0.119289024,0.257808338
5,6000,-2,0.112247222,0.25751172
3.5,6250,-2,0.125652885,0.252082188
4,6250,-2,0.12182337,0.256022811
4.5,6250,-2,0.118595028,0.257366711
5,6250,-2,0.112876863,0.257349388
3.5,6500,-2,0.125556245,0.241810639
4,6500,-2,0.12151957,0.248433091
4.5,6500,-2,0.117049859,0.252772278
5,6500,-2,0.112252336,0.254754635
3.5,6750,-2,0.106962015,0.254297324
4,6750,-2,0.109129812,0.255787458
4.5,6750,-2,0.110471437,0.256024533
5,6750,-2,0.109681715,0.255608152
3.5,7000,-2,0.093221898,0.256031676
4,7000,-2,0.098076753,0.255780938
4.5,7000,-2,0.101992359,0.255388336
5,7000,-2,0.103934729,0.254560106
3.5,7250,-2,0.085639938,0.254999671
4,7250,-2,0.090693066,0.255444078
4.5,7250,-2,0.095597852,0.254851886
5,7250,-2,0.099026011,0.253790417
3.5,7500,-2,0.095222133,0.223312462
4,7500,-2,0.081578112,0.252420148
4.5,7500,-2,0.085752177,0.252991084
5,7500,-2,0.084125179,0.253050035
3.5,7750,-2,0.109782921,0.218183893
4,7750,-2,0.075010851,0.244637894
4.5,7750,-2,0.080443887,0.250875962
5,7750,-2,0.084367009,0.250938977
3.5,8000,-2,0.131315566,0.201347552
4,8000,-2,0.095042334,0.22748103
4.5,8000,-2,0.072225644,0.242962
5,8000,-2,0.07680534,0.247396043
3.5,8250,-2,0.136485697,0.186124957
4,8250,-2,0.115426337,0.208642959
4.5,8250,-2,0.076976735,0.235537262
5,8250,-2,0.073350867,0.243244674
3.5,8500,-2,0.126737015,0.183358879
4,8500,-2,0.130245004,0.180612238
4.5,8500,-2,0.106395275,0.207842802
5,8500,-2,0.071589836,0.233001448
3.5,8750,-2,0.121202321,0.182173407
4,8750,-2,0.124112363,0.177917695
4.5,8750,-2,0.123615727,0.182883836
5,8750,-2,0.088693733,0.218629359
3.5,9000,-2,0.114830478,0.179004956
4,9000,-2,0.117086085,0.174957093
4.5,9000,-2,0.119456663,0.172368878
5,9000,-2,0.114692319,0.183234843
3.5,9250,-2,0.114830478,0.179004956
4,9250,-2,0.117086085,0.174957093
4.5,9250,-2,0.119456663,0.172368878
5,9250,-2,0.114692319,0.183234843
3.5,9500,-2,0.114830478,0.179004956
4,9500,-2,0.117086085,0.174957093
4.5,9500,-2,0.119456663,0.172368878
5,9500,-2,0.114692319,0.183234843
3.5,9750,-2,0.114830478,0.179004956
4,9750,-2,0.117086085,0.174957093
4.5,9750,-2,0.119456663,0.172368878
5,9750,-2,0.114692319,0.183234843
3.5,10000,-2,0.114830478,0.179004956
4,10000,-2,0.117086085,0.174957093
4.5,10000,-2,0.119456663,0.172368878
5,10000,-2,0.114692319,0.183234843
3.5,3500,-1.5,0.063489741,0.297873869
4,3500,-1.5,0.057154378,0.296183196
4.5,3500,-1.5,0.056592422,0.29984482
5,3500,-1.5,0.057730878,0.303049945
3.5,3750,-1.5,0.092054152,0.279631302
4,3750,-1.5,0.06608699,0.282089692
4.5,3750,-1.5,0.055931932,0.284716553
5,3750,-1.5,0.054074339,0.288190689
3.5,4000,-1.5,0.215310024,0.23203381
4,4000,-1.5,0.134055452,0.256473255
4.5,4000,-1.5,0.084664995,0.267929653
5,4000,-1.5,0.063765962,0.270340483
3.5,4250,-1.5,0.2439208,0.250298924
4,4250,-1.5,0.196146482,0.248445007
4.5,4250,-1.5,0.133428348,0.258964284
5,4250,-1.5,0.088661282,0.266129697
3.5,4500,-1.5,0.207965027,0.276592952
4,4500,-1.5,0.19894609,0.280281212
4.5,4500,-1.5,0.172390945,0.279917005
5,4500,-1.5,0.135025028,0.275761775
3.5,4750,-1.5,0.180174244,0.282973963
4,4750,-1.5,0.173848251,0.289290014
4.5,4750,-1.5,0.161251274,0.293740204
5,4750,-1.5,0.142125586,0.288200947
3.5,5000,-1.5,0.152320089,0.27634416
4,5000,-1.5,0.146533925,0.283372576
4.5,5000,-1.5,0.137233558,0.291519514
5,5000,-1.5,0.12482042,0.297235571
3.5,5250,-1.5,0.144181532,0.266223829
4,5250,-1.5,0.137585794,0.272605414
4.5,5250,-1.5,0.131482019,0.278920814
5,5250,-1.5,0.11831307,0.285996279
3.5,5500,-1.5,0.1388239,0.25573286
4,5500,-1.5,0.132331529,0.260361612
4.5,5500,-1.5,0.124948023,0.264057155
5,5500,-1.5,0.115787866,0.268282115
3.5,5750,-1.5,0.136274627,0.252459341
4,5750,-1.5,0.130300606,0.256660438
4.5,5750,-1.5,0.124063002,0.259124846
5,5750,-1.5,0.115329907,0.261360912
3.5,6000,-1.5,0.132260568,0.250674022
4,6000,-1.5,0.126594774,0.254688891
4.5,6000,-1.5,0.122173072,0.25619822
5,6000,-1.5,0.115850651,0.256529897
3.5,6250,-1.5,0.12628678,0.250551095
4,6250,-1.5,0.123019258,0.254226037
4.5,6250,-1.5,0.120318298,0.255402664
5,6250,-1.5,0.11538464,0.255545834
3.5,6500,-1.5,0.115426714,0.251933409
4,6500,-1.5,0.115359376,0.254224914
4.5,6500,-1.5,0.115296618,0.254669134
5,6500,-1.5,0.112924016,0.254558107
3.5,6750,-1.5,0.106537875,0.253289404
4,6750,-1.5,0.10898156,0.254514223
4.5,6750,-1.5,0.110611857,0.254421662
5,6750,-1.5,0.11057721,0.253728797
3.5,7000,-1.5,0.092767895,0.255064565
4,7000,-1.5,0.097690475,0.254741714
4.5,7000,-1.5,0.101884877,0.254010799
5,7000,-1.5,0.104051219,0.252961091
3.5,7250,-1.5,0.085062792,0.253566103
4,7250,-1.5,0.090163894,0.254406833
4.5,7250,-1.5,0.095321529,0.253470342
5,7250,-1.5,0.09878135,0.252395386
3.5,7500,-1.5,0.097602297,0.219779414
4,7500,-1.5,0.081218254,0.251253405
4.5,7500,-1.5,0.085506148,0.251752957
5,7500,-1.5,0.089966835,0.25108646
3.5,7750,-1.5,0.107997664,0.223289245
4,7750,-1.5,0.075047564,0.243098385
4.5,7750,-1.5,0.080379206,0.249693421
5,7750,-1.5,0.084065796,0.249634176
3.5,8000,-1.5,0.131719515,0.200000171
4,8000,-1.5,0.096450964,0.227543348
4.5,8000,-1.5,0.07510587,0.243270785
5,8000,-1.5,0.076707061,0.246121831
3.5,8250,-1.5,0.135435965,0.185595466
4,8250,-1.5,0.117195727,0.206802538
4.5,8250,-1.5,0.081555693,0.23519702
5,8250,-1.5,0.0723202,0.241996879
3.5,8500,-1.5,0.126399247,0.182400611
4,8500,-1.5,0.129433775,0.179855525
4.5,8500,-1.5,0.108685305,0.205101013
5,8500,-1.5,0.07772489,0.231593734
3.5,8750,-1.5,0.121228115,0.1813074
4,8750,-1.5,0.123669717,0.177165714
4.5,8750,-1.5,0.123636874,0.181287264
5,8750,-1.5,0.089195538,0.216872477
3.5,9000,-1.5,0.114660927,0.179458876
4,9000,-1.5,0.116870294,0.174665845
4.5,9000,-1.5,0.118870069,0.171937439
5,9000,-1.5,0.115511034,0.18102421
3.5,9250,-1.5,0.114660927,0.179458876
4,9250,-1.5,0.116870294,0.174665845
4.5,9250,-1.5,0.118870069,0.171937439
5,9250,-1.5,0.115511034,0.18102421
3.5,9500,-1.5,0.114660927,0.179458876
4,9500,-1.5,0.116870294,0.174665845
4.5,9500,-1.5,0.118870069,0.171937439
5,9500,-1.5,0.115511034,0.18102421
3.5,9750,-1.5,0.114660927,0.179458876
4,9750,-1.5,0.116870294,0.174665845
4.5,9750,-1.5,0.118870069,0.171937439
5,9750,-1.5,0.115511034,0.18102421
3.5,10000,-1.5,0.114660927,0.179458876
4,10000,-1.5,0.116870294,0.174665845
4.5,10000,-1.5,0.118870069,0.171937439
5,10000,-1.5,0.115511034,0.18102421
3.5,3500,-1,0.08473952,0.303069359
4,3500,-1,0.063389404,0.300008818
4.5,3500,-1,0.059392882,0.299415394
5,3500,-1,0.057377529,0.301839332
3.5,3750,-1,0.142143236,0.27058132
4,3750,-1,0.085103628,0.287459093
4.5,3750,-1,0.059739658,0.279978365
5,3750,-1,0.053717001,0.292503748
3.5,4000,-1,0.294722585,0.203622343
4,4000,-1,0.192430925,0.239718998
4.5,4000,-1,0.113221814,0.267868737
5,4000,-1,0.076223309,0.27465997
3.5,4250,-1,0.296918425,0.222508332
4,4250,-1,0.261105191,0.226511446
4.5,4250,-1,0.186541941,0.24521651
5,4250,-1,0.116906003,0.264791455
3.5,4500,-1,0.255367329,0.242538419
4,4500,-1,0.251300123,0.248160636
4.5,4500,-1,0.236404468,0.251759048
5,4500,-1,0.196572943,0.252248749
3.5,4750,-1,0.2245106,0.25771423
4,4750,-1,0.222746643,0.260710485
4.5,4750,-1,0.21727882,0.266371329
5,4750,-1,0.233525929,0.257825212
3.5,5000,-1,0.183770185,0.268936612
4,5000,-1,0.183478619,0.271682337
4.5,5000,-1,0.179119122,0.277391276
5,5000,-1,0.172551945,0.284879254
3.5,5250,-1,0.16467155,0.268017122
4,5250,-1,0.163096828,0.27207176
4.5,5250,-1,0.159632923,0.277315543
5,5250,-1,0.153240492,0.284543596
3.5,5500,-1,0.14796761,0.25947706
4,5500,-1,0.144713586,0.26440803
4.5,5500,-1,0.140552795,0.269341804
5,5500,-1,0.133890513,0.275602416
3.5,5750,-1,0.14164636,0.253991642
4,5750,-1,0.137417913,0.258944003
4.5,5750,-1,0.133756376,0.262614939
5,5750,-1,0.127689164,0.266811728
3.5,6000,-1,0.133146153,0.250398106
4,6000,-1,0.1296813,0.254333654
4.5,6000,-1,0.127327008,0.256402122
5,6000,-1,0.121930665,0.25768655
3.5,6250,-1,0.126971833,0.250168832
4,6250,-1,0.124654079,0.253328026
4.5,6250,-1,0.122905022,0.254272625
5,6250,-1,0.119354182,0.254882058
3.5,6500,-1,0.114664337,0.251600596
4,6500,-1,0.115631422,0.253324404
4.5,6500,-1,0.116132754,0.253508219
5,6500,-1,0.114752542,0.253001701
3.5,6750,-1,0.105607828,0.252741784
4,6750,-1,0.108453717,0.253626635
4.5,6750,-1,0.110583369,0.253372338
5,6750,-1,0.1110993,0.252400788
3.5,7000,-1,0.091715316,0.254499109
4,7000,-1,0.096548819,0.254029817
4.5,7000,-1,0.101078006,0.253157083
5,7000,-1,0.103767387,0.251727423
3.5,7250,-1,0.083672815,0.251452982
4,7250,-1,0.089085273,0.253536981
4.5,7250,-1,0.094370649,0.252524424
5,7250,-1,0.098091758,0.251153786
3.5,7500,-1,0.092834689,0.232921406
4,7500,-1,0.0795262,0.249535072
4.5,7500,-1,0.084621415,0.250680857
5,7500,-1,0.088968396,0.249903966
3.5,7750,-1,0.110363034,0.219483069
4,7750,-1,0.077532938,0.244898105
4.5,7750,-1,0.079715991,0.248764107
5,7750,-1,0.083151962,0.248400483
3.5,8000,-1,0.131616371,0.199514557
4,8000,-1,0.098396052,0.222400184
4.5,8000,-1,0.071905298,0.240226841
5,8000,-1,0.076198556,0.244840251
3.5,8250,-1,0.133003078,0.186389743
4,8250,-1,0.117544533,0.205229872
4.5,8250,-1,0.079861511,0.232290902
5,8250,-1,0.070442696,0.240163241
3.5,8500,-1,0.125001474,0.181458872
4,8500,-1,0.127351804,0.179655543
4.5,8500,-1,0.110715509,0.201945954
5,8500,-1,0.07329853,0.229887102
3.5,8750,-1,0.120733825,0.179435879
4,8750,-1,0.1224266,0.176094156
4.5,8750,-1,0.123070035,0.179288927
5,8750,-1,0.094257875,0.212388894
3.5,9000,-1,0.115155977,0.177362811
4,9000,-1,0.116528497,0.172861647
4.5,9000,-1,0.11766861,0.170897116
5,9000,-1,0.116404446,0.177621829
3.5,9250,-1,0.115155977,0.177362811
4,9250,-1,0.116528497,0.172861647
4.5,9250,-1,0.11766861,0.170897116
5,9250,-1,0.116404446,0.177621829
3.5,9500,-1,0.115155977,0.177362811
4,9500,-1,0.116528497,0.172861647
4.5,9500,-1,0.11766861,0.170897116
5,9500,-1,0.116404446,0.177621829
3.5,9750,-1,0.115155977,0.177362811
4,9750,-1,0.116528497,0.172861647
4.5,9750,-1,0.11766861,0.170897116
5,9750,-1,0.116404446,0.177621829
3.5,10000,-1,0.115155977,0.177362811
4,10000,-1,0.116528497,0.172861647
4.5,10000,-1,0.11766861,0.170897116
5,10000,-1,0.116404446,0.177621829
3.5,3500,-0.5,0.146447584,0.286503024
4,3500,-0.5,0.090249655,0.298961466
4.5,3500,-0.5,0.068326231,0.302153225
5,3500,-0.5,0.060379477,0.298260918
3.5,3750,-0.5,0.240892943,0.23023973
4,3750,-0.5,0.133178604,0.279945808
4.5,3750,-0.5,0.084487344,0.291204883
5,3750,-0.5,0.06466748,0.289650362
3.5,4000,-0.5,0.173504008,0.251528449
4,4000,-0.5,0.269552551,0.214080331
4.5,4000,-0.5,0.165279693,0.258801879
5,4000,-0.5,0.100935323,0.277683436
3.5,4250,-0.5,0.327805177,0.201360188
4,4250,-0.5,0.31374256,0.20684543
4.5,4250,-0.5,0.251069652,0.224355686
5,4250,-0.5,0.162799796,0.256341487
3.5,4500,-0.5,0.290357445,0.219798551
4,4500,-0.5,0.289555107,0.220795802
4.5,4500,-0.5,0.283709312,0.226159898
5,4500,-0.5,0.252280899,0.233680114
3.5,4750,-0.5,0.261775527,0.234024179
4,4750,-0.5,0.24615464,0.246113456
4.5,4750,-0.5,0.263181109,0.234981905
5,4750,-0.5,0.254627505,0.242436866
3.5,5000,-0.5,0.219482929,0.251651954
4,5000,-0.5,0.220945067,0.252177487
4.5,5000,-0.5,0.220296084,0.254871591
5,5000,-0.5,0.218209354,0.258892521
3.5,5250,-0.5,0.19502651,0.258764884
4,5250,-0.5,0.196291436,0.259880743
4.5,5250,-0.5,0.196468136,0.26204358
5,5250,-0.5,0.194027721,0.266588422
3.5,5500,-0.5,0.164411884,0.262241803
4,5500,-0.5,0.166724496,0.264077654
4.5,5500,-0.5,0.166756047,0.266300976
5,5500,-0.5,0.164138481,0.270492435
3.5,5750,-0.5,0.150103763,0.259626258
4,5750,-0.5,0.151251575,0.263048588
4.5,5750,-0.5,0.15222717,0.265199341
5,5750,-0.5,0.148944112,0.268878122
3.5,6000,-0.5,0.13572252,0.254499386
4,6000,-0.5,0.135047258,0.25834794
4.5,6000,-0.5,0.135313134,0.260133404
5,6000,-0.5,0.132824527,0.262887052
3.5,6250,-0.5,0.12676475,0.253137681
4,6250,-0.5,0.127027073,0.255724797
4.5,6250,-0.5,0.127067496,0.257107098
5,6250,-0.5,0.125866199,0.258597597
3.5,6500,-0.5,0.113357161,0.25288931
4,6500,-0.5,0.11540755,0.254312013
4.5,6500,-0.5,0.116830944,0.254772804
5,6500,-0.5,0.117098573,0.254608113
3.5,6750,-0.5,0.103687441,0.253585347
4,6750,-0.5,0.107198388,0.254438716
4.5,6750,-0.5,0.110111265,0.254084853
5,6750,-0.5,0.111562538,0.253052592
3.5,7000,-0.5,0.089690806,0.254942313
4,7000,-0.5,0.09463097,0.254424029
4.5,7000,-0.5,0.099510659,0.253409157
5,7000,-0.5,0.102663945,0.251978301
3.5,7250,-0.5,0.082296174,0.249001025
4,7250,-0.5,0.087135055,0.253681984
4.5,7250,-0.5,0.092410469,0.252608785
5,7250,-0.5,0.096424718,0.251344184
3.5,7500,-0.5,0.103072811,0.215981705
4,7500,-0.5,0.077451935,0.247126818
4.5,7500,-0.5,0.082817693,0.250414277
5,7500,-0.5,0.086900684,0.249731073
3.5,7750,-0.5,0.112003151,0.219633483
4,7750,-0.5,0.077247405,0.235919323
4.5,7750,-0.5,0.078307229,0.248102052
5,7750,-0.5,0.081065872,0.248079696
3.5,8000,-0.5,0.130843328,0.200894441
4,8000,-0.5,0.100124737,0.224951024
4.5,8000,-0.5,0.07110914,0.238468008
5,8000,-0.5,0.075004661,0.244106181
3.5,8250,-0.5,0.128897576,0.190767
4,8250,-0.5,0.1180639,0.205330881
4.5,8250,-0.5,0.083977361,0.232421506
5,8250,-0.5,0.069308444,0.238939223
3.5,8500,-0.5,0.121760116,0.183184544
4,8500,-0.5,0.123290436,0.182824888
4.5,8500,-0.5,0.111228182,0.20075577
5,8500,-0.5,0.07878962,0.228636852
3.5,8750,-0.5,0.118461907,0.179043347
4,8750,-0.5,0.119177878,0.177355815
4.5,8750,-0.5,0.120486931,0.179870781
5,8750,-0.5,0.094984365,0.21039347
3.5,9000,-0.5,0.114345731,0.175124581
4,9000,-0.5,0.114500095,0.171747339
4.5,9000,-0.5,0.114901705,0.170988304
5,9000,-0.5,0.114880159,0.17621702
3.5,9250,-0.5,0.114345731,0.175124581
4,9250,-0.5,0.114500095,0.171747339
4.5,9250,-0.5,0.114901705,0.170988304
5,9250,-0.5,0.114880159,0.17621702
3.5,9500,-0.5,0.114345731,0.175124581
4,9500,-0.5,0.114500095,0.171747339
4.5,9500,-0.5,0.114901705,0.170988304
5,9500,-0.5,0.114880159,0.17621702
3.5,9750,-0.5,0.114345731,0.175124581
4,9750,-0.5,0.114500095,0.171747339
4.5,9750,-0.5,0.114901705,0.170988304
5,9750,-0.5,0.114880159,0.17621702
3.5,10000,-0.5,0.114345731,0.175124581
4,10000,-0.5,0.114500095,0.171747339
4.5,10000,-0.5,0.114901705,0.170988304
5,10000,-0.5,0.114880159,0.17621702
3.5,3500,-0.3,0.188527067,0.266931443
4,3500,-0.3,0.104816399,0.301363675
4.5,3500,-0.3,0.075112329,0.303783044
5,3500,-0.3,0.063606455,0.300654909
3.5,3750,-0.3,0.286597463,0.207724588
4,3750,-0.3,0.16655688,0.268224466
4.5,3750,-0.3,0.100072072,0.288085241
5,3750,-0.3,0.07068288,0.288432614
3.5,4000,-0.3,0.348836401,0.185838072
4,4000,-0.3,0.299899441,0.202581298
4.5,4000,-0.3,0.195953673,0.249249849
5,4000,-0.3,0.117320883,0.276548581
3.5,4250,-0.3,0.336252371,0.195075698
4,4250,-0.3,0.328035052,0.199752642
4.5,4250,-0.3,0.27624456,0.216907209
5,4250,-0.3,0.186764278,0.250553578
3.5,4500,-0.3,0.299660441,0.214312672
4,4500,-0.3,0.300177778,0.214013009
4.5,4500,-0.3,0.296935876,0.217654009
5,4500,-0.3,0.286372979,0.222402239
3.5,4750,-0.3,0.270802696,0.229318677
4,4750,-0.3,0.274315524,0.226943175
4.5,4750,-0.3,0.275362228,0.227194912
5,4750,-0.3,0.270215716,0.232850796
3.5,5000,-0.3,0.230692541,0.246190985
4,5000,-0.3,0.233486477,0.245539359
4.5,5000,-0.3,0.234923615,0.246357336
5,5000,-0.3,0.233489083,0.24971303
3.5,5250,-0.3,0.205679716,0.254730284
4,5250,-0.3,0.209045442,0.254044303
4.5,5250,-0.3,0.210374452,0.255226084
5,5250,-0.3,0.209489809,0.258390249
3.5,5500,-0.3,0.172905448,0.261908652
4,5500,-0.3,0.176130907,0.262382838
4.5,5500,-0.3,0.178579401,0.262650096
5,5500,-0.3,0.17710006,0.266102071
3.5,5750,-0.3,0.156010018,0.261727653
4,5750,-0.3,0.158168903,0.26390023
4.5,5750,-0.3,0.161013894,0.264447028
5,5750,-0.3,0.159415954,0.26744803
3.5,6000,-0.3,0.137139885,0.257875125
4,6000,-0.3,0.138289862,0.26103114
4.5,6000,-0.3,0.139911157,0.262350695
5,6000,-0.3,0.140106851,0.264598821
3.5,6250,-0.3,0.127111554,0.255502324
4,6250,-0.3,0.128312068,0.258259846
4.5,6250,-0.3,0.12964976,0.25962947
5,6250,-0.3,0.129458471,0.261189743
3.5,6500,-0.3,0.112498082,0.254453995
4,6500,-0.3,0.11519567,0.255909338
4.5,6500,-0.3,0.117238908,0.256641281
5,6500,-0.3,0.118378823,0.256580877
3.5,6750,-0.3,0.102554541,0.254745837
4,6750,-0.3,0.106466321,0.255542439
4.5,6750,-0.3,0.109711907,0.255381752
5,6750,-0.3,0.111874134,0.254478612
3.5,7000,-0.3,0.088677153,0.255592171
4,7000,-0.3,0.093656091,0.25501939
4.5,7000,-0.3,0.098539398,0.254165959
5,7000,-0.3,0.102051032,0.252835498
3.5,7250,-0.3,0.080757944,0.249203295
4,7250,-0.3,0.086156995,0.253959363
4.5,7250,-0.3,0.091272282,0.253120051
5,7250,-0.3,0.095449743,0.251957315
3.5,7500,-0.3,0.100308264,0.222853308
4,7500,-0.3,0.076749618,0.246985632
4.5,7500,-0.3,0.081700245,0.250568568
5,7500,-0.3,0.085845478,0.249980821
3.5,7750,-0.3,0.11123278,0.223522796
4,7750,-0.3,0.078700959,0.243338534
4.5,7750,-0.3,0.077503914,0.248109451
5,7750,-0.3,0.08002629,0.248172177
3.5,8000,-0.3,0.130265396,0.20163856
4,8000,-0.3,0.1009359,0.223592304
4.5,8000,-0.3,0.071083038,0.237420488
5,8000,-0.3,0.074220647,0.244017095
3.5,8250,-0.3,0.127216771,0.193135491
4,8250,-0.3,0.118961217,0.205305128
4.5,8250,-0.3,0.083888697,0.231553606
5,8250,-0.3,0.068908651,0.238379979
3.5,8500,-0.3,0.120038565,0.18523325
4,8500,-0.3,0.121343867,0.185391507
4.5,8500,-0.3,0.111774029,0.200760834
5,8500,-0.3,0.076077776,0.228479647
3.5,8750,-0.3,0.117035082,0.180046384
4,8750,-0.3,0.117377108,0.179248011
4.5,8750,-0.3,0.118826726,0.181645214
5,8750,-0.3,0.096290111,0.209608757
3.5,9000,-0.3,0.11355657,0.174800862
4,9000,-0.3,0.11315178,0.172180769
4.5,9000,-0.3,0.113179902,0.172203184
5,9000,-0.3,0.113649518,0.176848181
3.5,9250,-0.3,0.11355657,0.174800862
4,9250,-0.3,0.11315178,0.172180769
4.5,9250,-0.3,0.113179902,0.172203184
5,9250,-0.3,0.113649518,0.176848181
3.5,9500,-0.3,0.11355657,0.174800862
4,9500,-0.3,0.11315178,0.172180769
4.5,9500,-0.3,0.113179902,0.172203184
5,9500,-0.3,0.113649518,0.176848181
3.5,9750,-0.3,0.11355657,0.174800862
4,9750,-0.3,0.11315178,0.172180769
4.5,9750,-0.3,0.113179902,0.172203184
5,9750,-0.3,0.113649518,0.176848181
3.5,10000,-0.3,0.11355657,0.174800862
4,10000,-0.3,0.11315178,0.172180769
4.5,10000,-0.3,0.113179902,0.172203184
5,10000,-0.3,0.113649518,0.176848181
3.5,3500,-0.2,0.214805884,0.254509421
4,3500,-0.2,0.118905373,0.29923186
4.5,3500,-0.2,0.073766445,0.301810244
5,3500,-0.2,0.064752578,0.299978905
3.5,3750,-0.2,0.304988334,0.198426919
4,3750,-0.2,0.1872074,0.25934628
4.5,3750,-0.2,0.109908212,0.286305154
5,3750,-0.2,0.075451958,0.290905821
3.5,4000,-0.2,0.352659167,0.181547198
4,4000,-0.2,0.313247117,0.197327357
4.5,4000,-0.2,0.21285471,0.243104415
5,4000,-0.2,0.127293485,0.275338716
3.5,4250,-0.2,0.339567778,0.192554191
4,4250,-0.2,0.333705223,0.196003456
4.5,4250,-0.2,0.288338022,0.21267212
5,4250,-0.2,0.199563029,0.247720334
3.5,4500,-0.2,0.303576128,0.212278352
4,4500,-0.2,0.304594497,0.21145047
4.5,4500,-0.2,0.302579502,0.214030954
5,4500,-0.2,0.280003965,0.224526615
3.5,4750,-0.2,0.275995713,0.226435084
4,4750,-0.2,0.279280653,0.224196719
4.5,4750,-0.2,0.280569268,0.224156324
5,4750,-0.2,0.276720446,0.22883575
3.5,5000,-0.2,0.235336457,0.244194247
4,5000,-0.2,0.239348058,0.24254339
4.5,5000,-0.2,0.241158743,0.242963099
5,5000,-0.2,0.239950356,0.246052267
3.5,5250,-0.2,0.210870457,0.252754344
4,5250,-0.2,0.214923706,0.251460778
4.5,5250,-0.2,0.216119963,0.252659694
5,5250,-0.2,0.216391396,0.254840686
3.5,5500,-0.2,0.176942088,0.261584971
4,5500,-0.2,0.181013656,0.26131718
4.5,5500,-0.2,0.184332175,0.260795866
5,5500,-0.2,0.182855892,0.264280579
3.5,5750,-0.2,0.158827579,0.262726354
4,5750,-0.2,0.161986281,0.26406186
4.5,5750,-0.2,0.165491321,0.263824804
5,5750,-0.2,0.165766157,0.265810853
3.5,6000,-0.2,0.138145043,0.259771442
4,6000,-0.2,0.139917538,0.262529174
4.5,6000,-0.2,0.14254099,0.26348233
5,6000,-0.2,0.143767887,0.265220699
3.5,6250,-0.2,0.127050424,0.257454678
4,6250,-0.2,0.128878119,0.260050578
4.5,6250,-0.2,0.130957266,0.261272199
5,6250,-0.2,0.131698538,0.26259062
3.5,6500,-0.2,0.111980383,0.255483933
4,6500,-0.2,0.115018441,0.25720595
4.5,6500,-0.2,0.117438804,0.257961925
5,6500,-0.2,0.11944587,0.25769916
3.5,6750,-0.2,0.101933523,0.255625433
4,6750,-0.2,0.106002895,0.256459161
4.5,6750,-0.2,0.109461124,0.256418793
5,6750,-0.2,0.112033506,0.25558292
3.5,7000,-0.2,0.088167205,0.256089002
4,7000,-0.2,0.093067637,0.255494369
4.5,7000,-0.2,0.098043466,0.254790336
5,7000,-0.2,0.101709307,0.253594683
3.5,7250,-0.2,0.081111501,0.247433916
4,7250,-0.2,0.085675116,0.254186561
4.5,7250,-0.2,0.090646819,0.253652427
5,7250,-0.2,0.094957368,0.252536177
3.5,7500,-0.2,0.097482155,0.230151184
4,7500,-0.2,0.076033653,0.246911314
4.5,7500,-0.2,0.081088267,0.250787406
5,7500,-0.2,0.085338876,0.250397928
3.5,7750,-0.2,0.112101004,0.22195529
4,7750,-0.2,0.078502754,0.239310437
4.5,7750,-0.2,0.076556589,0.247924109
5,7750,-0.2,0.079523937,0.248200825
3.5,8000,-0.2,0.130050242,0.201837004
4,8000,-0.2,0.10181737,0.222404131
4.5,8000,-0.2,0.071818206,0.237649202
5,8000,-0.2,0.073755008,0.243936742
3.5,8250,-0.2,0.126475574,0.194241141
4,8250,-0.2,0.119498478,0.205166778
4.5,8250,-0.2,0.083941585,0.230711446
5,8250,-0.2,0.068600805,0.238189012
3.5,8500,-0.2,0.119166801,0.186520358
4,8500,-0.2,0.120410891,0.186806708
4.5,8500,-0.2,0.112432888,0.200567431
5,8500,-0.2,0.077119086,0.228400754
3.5,8750,-0.2,0.116250891,0.18088732
4,8750,-0.2,0.116432639,0.180526141
4.5,8750,-0.2,0.1178577,0.182917322
5,8750,-0.2,0.097375763,0.209037397
3.5,9000,-0.2,0.113085353,0.174860995
4,9000,-0.2,0.112410215,0.172691499
4.5,9000,-0.2,0.112242742,0.173164727
5,9000,-0.2,0.11289399,0.177577601
3.5,9250,-0.2,0.113085353,0.174860995
4,9250,-0.2,0.112410215,0.172691499
4.5,9250,-0.2,0.112242742,0.173164727
5,9250,-0.2,0.11289399,0.177577601
3.5,9500,-0.2,0.113085353,0.174860995
4,9500,-0.2,0.112410215,0.172691499
4.5,9500,-0.2,0.112242742,0.173164727
5,9500,-0.2,0.11289399,0.177577601
3.5,9750,-0.2,0.113085353,0.174860995
4,9750,-0.2,0.112410215,0.172691499
4.5,9750,-0.2,0.112242742,0.173164727
5,9750,-0.2,0.11289399,0.177577601
3.5,10000,-0.2,0.113085353,0.174860995
4,10000,-0.2,0.112410215,0.172691499
4.5,10000,-0.2,0.112242742,0.173164727
5,10000,-0.2,0.11289399,0.177577601
3.5,3500,-0.1,0.24006433,0.240447777
4,3500,-0.1,0.134360417,0.294997875
4.5,3500,-0.1,0.085447726,0.305716444
5,3500,-0.1,0.067673046,0.298662696
3.5,3750,-0.1,0.319295235,0.190444108
4,3750,-0.1,0.209789139,0.248721701
4.5,3750,-0.1,0.121384594,0.284488777
5,3750,-0.1,0.082021715,0.289414293
3.5,4000,-0.1,0.35583437,0.178095926
4,4000,-0.1,0.324104471,0.193081864
4.5,4000,-0.1,0.230488036,0.236000404
5,4000,-0.1,0.139059566,0.272697571
3.5,4250,-0.1,0.342839412,0.189911636
4,4250,-0.1,0.338178387,0.192593753
4.5,4250,-0.1,0.299415704,0.20895925
5,4250,-0.1,0.213071552,0.24392358
3.5,4500,-0.1,0.307517683,0.210239759
4,4500,-0.1,0.308985642,0.208939395
4.5,4500,-0.1,0.307722265,0.210772273
5,4500,-0.1,0.288000406,0.22153454
3.5,4750,-0.1,0.280571467,0.224197342
4,4750,-0.1,0.284027339,0.221703384
4.5,4750,-0.1,0.285114359,0.221698869
5,4750,-0.1,0.282581183,0.225330521
3.5,5000,-0.1,0.240854617,0.241549814
4,5000,-0.1,0.244469412,0.240186412
4.5,5000,-0.1,0.247055052,0.239854582
5,5000,-0.1,0.247069953,0.241790886
3.5,5250,-0.1,0.215717076,0.250972145
4,5250,-0.1,0.220720533,0.248898586
4.5,5250,-0.1,0.222733413,0.249304027
5,5250,-0.1,0.222755814,0.251668334
3.5,5500,-0.1,0.181163933,0.261141811
4,5500,-0.1,0.18590828,0.260067951
4.5,5500,-0.1,0.189572795,0.259227578
5,5500,-0.1,0.189291942,0.261765693
3.5,5750,-0.1,0.161785558,0.26369269
4,5750,-0.1,0.165860703,0.264007136
4.5,5750,-0.1,0.1701998,0.263073635
5,5750,-0.1,0.170294782,0.265137675
3.5,6000,-0.1,0.138972907,0.2619598
4,6000,-0.1,0.142169983,0.263914982
4.5,6000,-0.1,0.145281861,0.264551083
5,6000,-0.1,0.14743684,0.265775805
3.5,6250,-0.1,0.127510919,0.259216803
4,6250,-0.1,0.129858142,0.261807261
4.5,6250,-0.1,0.132609197,0.26295603
5,6250,-0.1,0.134346082,0.26393625
3.5,6500,-0.1,0.111546346,0.25693993
4,6500,-0.1,0.114839782,0.258692494
4.5,6500,-0.1,0.117797991,0.259459042
5,6500,-0.1,0.120099684,0.25941185
3.5,6750,-0.1,0.101173982,0.256712575
4,6750,-0.1,0.105450482,0.257679969
4.5,6750,-0.1,0.109182824,0.257689957
5,6750,-0.1,0.112250994,0.256864429
3.5,7000,-0.1,0.087435826,0.256641381
4,7000,-0.1,0.092306105,0.256195563
4.5,7000,-0.1,0.097462311,0.25560686
5,7000,-0.1,0.101311049,0.254592066
3.5,7250,-0.1,0.080953001,0.246883553
4,7250,-0.1,0.085005141,0.254744065
4.5,7250,-0.1,0.090013148,0.254103937
5,7250,-0.1,0.094336794,0.253231487
3.5,7500,-0.1,0.098026963,0.229974696
4,7500,-0.1,0.075696722,0.246751064
4.5,7500,-0.1,0.080620646,0.251155548
5,7500,-0.1,0.084665461,0.250794354
3.5,7750,-0.1,0.113316037,0.220592977
4,7750,-0.1,0.081134602,0.229815432
4.5,7750,-0.1,0.075891965,0.247913913
5,7750,-0.1,0.078912737,0.248413217
3.5,8000,-0.1,0.129959483,0.20193808
4,8000,-0.1,0.102848799,0.221675674
4.5,8000,-0.1,0.075620042,0.241055905
5,8000,-0.1,0.07322659,0.243939216
3.5,8250,-0.1,0.125810253,0.195239964
4,8250,-0.1,0.119537767,0.205219396
4.5,8250,-0.1,0.084750091,0.230296431
5,8250,-0.1,0.071176294,0.239537033
3.5,8500,-0.1,0.118347982,0.187884489
4,8500,-0.1,0.119539036,0.188228022
4.5,8500,-0.1,0.11252173,0.200711924
5,8500,-0.1,0.080442766,0.227922223
3.5,8750,-0.1,0.115445571,0.181960982
4,8750,-0.1,0.115497586,0.181974193
4.5,8750,-0.1,0.116873754,0.184317303
5,8750,-0.1,0.097152538,0.20930885
3.5,9000,-0.1,0.112582556,0.175103484
4,9000,-0.1,0.111610148,0.173452588
4.5,9000,-0.1,0.111263712,0.174387712
5,9000,-0.1,0.112134236,0.178502161
3.5,9250,-0.1,0.112582556,0.175103484
4,9250,-0.1,0.111610148,0.173452588
4.5,9250,-0.1,0.111263712,0.174387712
5,9250,-0.1,0.112134236,0.178502161
3.5,9500,-0.1,0.112582556,0.175103484
4,9500,-0.1,0.111610148,0.173452588
4.5,9500,-0.1,0.111263712,0.174387712
5,9500,-0.1,0.112134236,0.178502161
3.5,9750,-0.1,0.112582556,0.175103484
4,9750,-0.1,0.111610148,0.173452588
4.5,9750,-0.1,0.111263712,0.174387712
5,9750,-0.1,0.112134236,0.178502161
3.5,10000,-0.1,0.112582556,0.175103484
4,10000,-0.1,0.111610148,0.173452588
4.5,10000,-0.1,0.111263712,0.174387712
5,10000,-0.1,0.112134236,0.178502161
3.5,3500,0,0.261928132,0.230186677
4,3500,0,0.152459474,0.290122677
4.5,3500,0,0.092724123,0.306585827
5,3500,0,0.069902644,0.303578686
3.5,3750,0,0.328997821,0.184512618
4,3750,0,0.232769212,0.238401269
4.5,3750,0,0.134854488,0.281950937
5,3750,0,0.085313462,0.29317905
3.5,4000,0,0.358697756,0.174868937
4,4000,0,0.33290255,0.189284403
4.5,4000,0,0.247971795,0.228789321
5,4000,0,0.152400077,0.268670435
3.5,4250,0,0.345774032,0.187350384
4,4250,0,0.341953698,0.189349995
4.5,4250,0,0.309328921,0.205055109
5,4250,0,0.226687493,0.24021618
3.5,4500,0,0.311069379,0.208646379
4,4500,0,0.312939978,0.206814449
4.5,4500,0,0.312131532,0.208108743
5,4500,0,0.295074694,0.218828767
3.5,4750,0,0.284553376,0.222585719
4,4750,0,0.288451673,0.21956684
4.5,4750,0,0.289620735,0.219398392
5,4750,0,0.287731999,0.2223838
3.5,5000,0,0.244875219,0.240218463
4,5000,0,0.250391136,0.237229172
4.5,5000,0,0.254213917,0.235717923
5,5000,0,0.252909917,0.238671456
3.5,5250,0,0.219624142,0.249914282
4,5250,0,0.225252309,0.247360026
4.5,5250,0,0.229142824,0.246111872
5,5250,0,0.228823754,0.248744989
3.5,5500,0,0.18495168,0.260957183
4,5500,0,0.190647245,0.258852851
4.5,5500,0,0.195271981,0.257215856
5,5500,0,0.194890774,0.259856542
3.5,5750,0,0.164427348,0.264779948
4,5750,0,0.169639378,0.263895051
4.5,5750,0,0.174618769,0.262450367
5,5750,0,0.176624452,0.26325335
3.5,6000,0,0.140095751,0.264271729
4,6000,0,0.143917961,0.265604347
4.5,6000,0,0.148101175,0.265618889
5,6000,0,0.150878325,0.266380372
3.5,6250,0,0.127719978,0.261438974
4,6250,0,0.130861223,0.263807434
4.5,6250,0,0.134434065,0.264632959
5,6250,0,0.136998529,0.265216527
3.5,6500,0,0.110996329,0.258907118
4,6500,0,0.114386888,0.260614597
4.5,6500,0,0.118001277,0.261313249
5,6500,0,0.120881089,0.261295139
3.5,6750,0,0.100318179,0.258121204
4,6750,0,0.104879697,0.25917324
4.5,6750,0,0.108966062,0.259171516
5,6750,0,0.112419131,0.258523514
3.5,7000,0,0.086700135,0.257304863
4,7000,0,0.09162632,0.257075589
4.5,7000,0,0.096760941,0.256599454
5,7000,0,0.100766333,0.255868638
3.5,7250,0,0.080698938,0.246810843
4,7250,0,0.084375515,0.255400643
4.5,7250,0,0.089319416,0.254952351
5,7250,0,0.09371883,0.254205292
3.5,7500,0,0.104093719,0.220378778
4,7500,0,0.075269479,0.246626341
4.5,7500,0,0.079938471,0.251500341
5,7500,0,0.083707593,0.251277199
3.5,7750,0,0.114264577,0.220101391
4,7750,0,0.080939726,0.232808751
4.5,7750,0,0.075201428,0.247840591
5,7750,0,0.078183318,0.248773475
3.5,8000,0,0.129820599,0.20204359
4,8000,0,0.103689098,0.221527618
4.5,8000,0,0.072279911,0.237425068
5,8000,0,0.072616794,0.244037885
3.5,8250,0,0.125378201,0.195900259
4,8250,0,0.119671753,0.205136597
4.5,8250,0,0.086360684,0.230431272
5,8250,0,0.067931216,0.237776149
3.5,8500,0,0.11760098,0.189268181
4,8500,0,0.118793629,0.189521929
4.5,8500,0,0.11241681,0.20097397
5,8500,0,0.081247498,0.227671148
3.5,8750,0,0.114659718,0.18322353
4,8750,0,0.114618183,0.183512494
4.5,8750,0,0.115959623,0.185726735
5,8750,0,0.097179117,0.209418472
3.5,9000,0,0.112042874,0.175577723
4,9000,0,0.110776625,0.174474948
4.5,9000,0,0.110287903,0.175826583
5,9000,0,0.111237044,0.179739474
3.5,9250,0,0.112042874,0.175577723
4,9250,0,0.110776625,0.174474948
4.5,9250,0,0.110287903,0.175826583
5,9250,0,0.111237044,0.179739474
3.5,9500,0,0.112042874,0.175577723
4,9500,0,0.110776625,0.174474948
4.5,9500,0,0.110287903,0.175826583
5,9500,0,0.111237044,0.179739474
3.5,9750,0,0.112042874,0.175577723
4,9750,0,0.110776625,0.174474948
4.5,9750,0,0.110287903,0.175826583
5,9750,0,0.111237044,0.179739474
3.5,10000,0,0.112042874,0.175577723
4,10000,0,0.110776625,0.174474948
4.5,10000,0,0.110287903,0.175826583
5,10000,0,0.111237044,0.179739474
3.5,3500,0.1,0.278945564,0.221342915
4,3500,0.1,0.173663649,0.279368231
4.5,3500,0.1,0.101554966,0.30706285
5,3500,0.1,0.072805023,0.306211276
3.5,3750,0.1,0.334883382,0.179798157
4,3750,0.1,0.254433663,0.228567258
4.5,3750,0.1,0.150959578,0.277383208
5,3750,0.1,0.092399984,0.292007349
3.5,4000,0.1,0.359791453,0.171234194
4,4000,0.1,0.339395095,0.184153328
4.5,4000,0.1,0.265144469,0.221511021
5,4000,0.1,0.167232902,0.265029318
3.5,4250,0.1,0.348029142,0.185258197
4,4250,0.1,0.345140181,0.186227115
4.5,4250,0.1,0.317754079,0.201446302
5,4250,0.1,0.240794983,0.234892717
3.5,4500,0.1,0.314298286,0.207417404
4,4500,0.1,0.316640123,0.204918939
4.5,4500,0.1,0.316456635,0.205425262
5,4500,0.1,0.30167916,0.215446003
3.5,4750,0.1,0.287659412,0.221862699
4,4750,0.1,0.292412772,0.217933308
4.5,4750,0.1,0.293913289,0.21729813
5,4750,0.1,0.2928822,0.219414029
3.5,5000,0.1,0.249125198,0.238732834
4,5000,0.1,0.254234704,0.236075544
4.5,5000,0.1,0.257196993,0.235183784
5,5000,0.1,0.258387628,0.235904055
3.5,5250,0.1,0.224322038,0.248390224
4,5250,0.1,0.229375025,0.246125074
4.5,5250,0.1,0.234529079,0.243805021
5,5250,0.1,0.233898766,0.246669762
3.5,5500,0.1,0.188449895,0.260849606
4,5500,0.1,0.195113866,0.257837674
4.5,5500,0.1,0.199866592,0.255900888
5,5500,0.1,0.200906574,0.257502603
3.5,5750,0.1,0.167317554,0.265603899
4,5750,0.1,0.173664813,0.263734796
4.5,5750,0.1,0.178968106,0.26171563
5,5750,0.1,0.181280641,0.262183455
3.5,6000,0.1,0.141767615,0.266268484
4,6000,0.1,0.146344872,0.267140589
4.5,6000,0.1,0.151319277,0.266462151
5,6000,0.1,0.154727098,0.266392926
3.5,6250,0.1,0.127968985,0.264124523
4,6250,0.1,0.131946819,0.266033924
4.5,6250,0.1,0.136318291,0.266424163
5,6250,0.1,0.139678147,0.266469804
3.5,6500,0.1,0.110356292,0.260683596
4,6500,0.1,0.114411599,0.262822328
4.5,6500,0.1,0.118679909,0.263397394
5,6500,0.1,0.122124543,0.26325709
3.5,6750,0.1,0.099550192,0.259503116
4,6750,0.1,0.104315862,0.260945497
4.5,6750,0.1,0.108956425,0.261013275
5,6750,0.1,0.11269929,0.260499755
3.5,7000,0.1,0.086005599,0.257962125
4,7000,0.1,0.090944909,0.258090862
4.5,7000,0.1,0.096080023,0.257845463
5,7000,0.1,0.100415857,0.257353414
3.5,7250,0.1,0.080754758,0.246383561
4,7250,0.1,0.083710737,0.255883109
4.5,7250,0.1,0.088471568,0.255796405
5,7250,0.1,0.093135408,0.255363102
3.5,7500,0.1,0.106369797,0.218095418
4,7500,0.1,0.075051686,0.246372279
4.5,7500,0.1,0.079331554,0.252114338
5,7500,0.1,0.083155216,0.251887627
3.5,7750,0.1,0.114655952,0.22065041
4,7750,0.1,0.080651194,0.239379328
4.5,7750,0.1,0.074285163,0.24761162
5,7750,0.1,0.077606997,0.249109749
3.5,8000,0.1,0.129657803,0.202127082
4,8000,0.1,0.104600691,0.221990858
4.5,8000,0.1,0.071887985,0.235303819
5,8000,0.1,0.071812374,0.244137729
3.5,8250,0.1,0.124789227,0.196754072
4,8250,0.1,0.119941059,0.204883301
4.5,8250,0.1,0.087713402,0.230251509
5,8250,0.1,0.067572805,0.237617631
3.5,8500,0.1,0.116979123,0.190562426
4,8500,0.1,0.118197547,0.190617272
4.5,8500,0.1,0.112492303,0.201034604
5,8500,0.1,0.080266037,0.22752313
3.5,8750,0.1,0.113863203,0.184670257
4,8750,0.1,0.113824892,0.185066886
4.5,8750,0.1,0.115128811,0.187070845
5,8750,0.1,0.097739736,0.209037406
3.5,9000,0.1,0.111476256,0.176299564
4,9000,0.1,0.109940804,0.175742182
4.5,9000,0.1,0.109338165,0.177445429
5,9000,0.1,0.110290775,0.181161529
3.5,9250,0.1,0.111476256,0.176299564
4,9250,0.1,0.109940804,0.175742182
4.5,9250,0.1,0.109338165,0.177445429
5,9250,0.1,0.110290775,0.181161529
3.5,9500,0.1,0.111476256,0.176299564
4,9500,0.1,0.109940804,0.175742182
4.5,9500,0.1,0.109338165,0.177445429
5,9500,0.1,0.110290775,0.181161529
3.5,9750,0.1,0.111476256,0.176299564
4,9750,0.1,0.109940804,0.175742182
4.5,9750,0.1,0.109338165,0.177445429
5,9750,0.1,0.110290775,0.181161529
3.5,10000,0.1,0.111476256,0.176299564
4,10000,0.1,0.109940804,0.175742182
4.5,10000,0.1,0.109338165,0.177445429
5,10000,0.1,0.110290775,0.181161529
3.5,3500,0.2,0.29057244,0.215361435
4,3500,0.2,0.195334146,0.272876371
4.5,3500,0.2,0.112339225,0.306398187
5,3500,0.2,0.076608176,0.308154959
3.5,3750,0.2,0.338017193,0.175708112
4,3750,0.2,0.273166245,0.218851153
4.5,3750,0.2,0.169654259,0.270811232
5,3750,0.2,0.103135563,0.290947676
3.5,4000,0.2,0.361003716,0.168151673
4,4000,0.2,0.344116955,0.179700892
4.5,4000,0.2,0.280860232,0.214233001
5,4000,0.2,0.18396253,0.258093882
3.5,4250,0.2,0.350187039,0.183120724
4,4250,0.2,0.347811481,0.183339702
4.5,4250,0.2,0.32486517,0.197548353
5,4250,0.2,0.254016159,0.230986826
3.5,4500,0.2,0.316593326,0.207133
4,4500,0.2,0.3201719,0.203187405
4.5,4500,0.2,0.320460894,0.202971289
5,4500,0.2,0.307396146,0.212263616
3.5,4750,0.2,0.290870846,0.221107922
4,4750,0.2,0.295798651,0.216900158
4.5,4750,0.2,0.297869931,0.21560745
5,4750,0.2,0.297343258,0.217078022
3.5,5000,0.2,0.252880427,0.237752897
4,5000,0.2,0.258344287,0.23475709
4.5,5000,0.2,0.262140153,0.233002999
5,5000,0.2,0.263523688,0.233487492
3.5,5250,0.2,0.228135137,0.247511614
4,5250,0.2,0.234142693,0.244433289
4.5,5250,0.2,0.238770713,0.242475276
5,5250,0.2,0.239500846,0.244125579
3.5,5500,0.2,0.192547812,0.26043558
4,5500,0.2,0.199191535,0.257079568
4.5,5500,0.2,0.204568878,0.254611358
5,5500,0.2,0.206807217,0.255248232
3.5,5750,0.2,0.170643659,0.266218987
4,5750,0.2,0.17717285,0.263830448
4.5,5750,0.2,0.183308733,0.261085154
5,5750,0.2,0.186421142,0.260863237
3.5,6000,0.2,0.14306197,0.268558449
4,6000,0.2,0.148725256,0.268513377
4.5,6000,0.2,0.154158969,0.267412
5,6000,0.2,0.158891901,0.266377502
3.5,6250,0.2,0.128349903,0.266783563
4,6250,0.2,0.133110297,0.268146063
4.5,6250,0.2,0.138389529,0.268165216
5,6250,0.2,0.142376303,0.267652181
3.5,6500,0.2,0.109816887,0.262955121
4,6500,0.2,0.114346225,0.265118749
4.5,6500,0.2,0.119285574,0.265732075
5,6500,0.2,0.12335237,0.265380104
3.5,6750,0.2,0.098785166,0.261236155
4,6750,0.2,0.10384271,0.262894592
4.5,6750,0.2,0.108883417,0.2630305
5,6750,0.2,0.113066265,0.262738652
3.5,7000,0.2,0.085241832,0.258817195
4,7000,0.2,0.090133122,0.259425334
4.5,7000,0.2,0.095463086,0.259384931
5,7000,0.2,0.100060896,0.258994874
3.5,7250,0.2,0.081134765,0.24568922
4,7250,0.2,0.083052955,0.256655003
4.5,7250,0.2,0.087587395,0.256842698
5,7250,0.2,0.092429412,0.256648266
3.5,7500,0.2,0.10422192,0.22347204
4,7500,0.2,0.074552041,0.24632729
4.5,7500,0.2,0.078594526,0.252490076
5,7500,0.2,0.082328226,0.252732714
3.5,7750,0.2,0.114659655,0.22227251
4,7750,0.2,0.081040938,0.241350078
4.5,7750,0.2,0.073256731,0.247379054
5,7750,0.2,0.076828849,0.249651836
3.5,8000,0.2,0.12945677,0.20222174
4,8000,0.2,0.105460097,0.222501041
4.5,8000,0.2,0.073829491,0.238184776
5,8000,0.2,0.070913831,0.243925005
3.5,8250,0.2,0.124275365,0.197436867
4,8250,0.2,0.120352034,0.20450468
4.5,8250,0.2,0.087819094,0.229311444
5,8250,0.2,0.069432901,0.239214146
3.5,8500,0.2,0.116492784,0.191694458
4,8500,0.2,0.117670288,0.191593672
4.5,8500,0.2,0.11271537,0.200923269
5,8500,0.2,0.08003885,0.227268197
3.5,8750,0.2,0.11322229,0.186105933
4,8750,0.2,0.113170271,0.186509414
4.5,8750,0.2,0.114375551,0.18831622
5,8750,0.2,0.098761222,0.208411986
3.5,9000,0.2,0.110927989,0.177262499
4,9000,0.2,0.109148479,0.177213343
4.5,9000,0.2,0.10847356,0.179150514
5,9000,0.2,0.10927397,0.18276116
3.5,9250,0.2,0.110927989,0.177262499
4,9250,0.2,0.109148479,0.177213343
4.5,9250,0.2,0.10847356,0.179150514
5,9250,0.2,0.10927397,0.18276116
3.5,9500,0.2,0.110927989,0.177262499
4,9500,0.2,0.109148479,0.177213343
4.5,9500,0.2,0.10847356,0.179150514
5,9500,0.2,0.10927397,0.18276116
3.5,9750,0.2,0.110927989,0.177262499
4,9750,0.2,0.109148479,0.177213343
4.5,9750,0.2,0.10847356,0.179150514
5,9750,0.2,0.10927397,0.18276116
3.5,10000,0.2,0.110927989,0.177262499
4,10000,0.2,0.109148479,0.177213343
4.5,10000,0.2,0.10847356,0.179150514
5,10000,0.2,0.10927397,0.18276116
3.5,3500,0.3,0.296568302,0.212664515
4,3500,0.3,0.217567277,0.264189897
4.5,3500,0.3,0.125661611,0.305921836
5,3500,0.3,0.266733768,0.226206911
3.5,3750,0.3,0.339237532,0.172469885
4,3750,0.3,0.287787344,0.210995205
4.5,3750,0.3,0.189940506,0.263974741
5,3750,0.3,0.113706311,0.290845628
3.5,4000,0.3,0.361600237,0.165631581
4,4000,0.3,0.347408989,0.175346848
4.5,4000,0.3,0.293883425,0.208504077
5,4000,0.3,0.20091594,0.253316688
3.5,4250,0.3,0.351880067,0.181316263
4,4250,0.3,0.349961441,0.180654492
4.5,4250,0.3,0.330574957,0.193400005
5,4250,0.3,0.266733768,0.226206911
3.5,4500,0.3,0.319189166,0.206517909
4,4500,0.3,0.322788746,0.202265396
4.5,4500,0.3,0.323311306,0.201512538
5,4500,0.3,0.312443264,0.209390966
3.5,4750,0.3,0.293564615,0.220892899
4,4750,0.3,0.298713582,0.216355192
4.5,4750,0.3,0.301401382,0.214307935
5,4750,0.3,0.301249677,0.215224606
3.5,5000,0.3,0.256307181,0.23714625
4,5000,0.3,0.261884628,0.234037837
4.5,5000,0.3,0.266017636,0.231837906
5,5000,0.3,0.268901731,0.230914379
3.5,5250,0.3,0.231869314,0.246761065
4,5250,0.3,0.238079006,0.243518546
4.5,5250,0.3,0.242161422,0.241937143
5,5250,0.3,0.244595951,0.242041561
3.5,5500,0.3,0.19618794,0.260180234
4,5500,0.3,0.203153668,0.256399782
4.5,5500,0.3,0.208863948,0.25367657
5,5500,0.3,0.211259682,0.254102862
3.5,5750,0.3,0.173651426,0.267076302
4,5750,0.3,0.180973572,0.263675579
4.5,5750,0.3,0.18731208,0.260707427
5,5750,0.3,0.191065571,0.259818278
3.5,6000,0.3,0.144712756,0.270813165
4,6000,0.3,0.151299757,0.269728816
4.5,6000,0.3,0.157381865,0.268190452
5,6000,0.3,0.162427199,0.266646975
3.5,6250,0.3,0.128879391,0.26963638
4,6250,0.3,0.134485173,0.270365088
4.5,6250,0.3,0.140586907,0.269817535
5,6250,0.3,0.145235594,0.268745142
3.5,6500,0.3,0.10923965,0.265712933
4,6500,0.3,0.114379768,0.267899715
4.5,6500,0.3,0.119970699,0.268188295
5,6500,0.3,0.124589377,0.267592557
3.5,6750,0.3,0.097959558,0.263245599
4,6750,0.3,0.103403417,0.265138435
4.5,6750,0.3,0.108842695,0.265468673
5,6750,0.3,0.113256943,0.265257987
3.5,7000,0.3,0.084619611,0.259680312
4,7000,0.3,0.089390945,0.260817329
4.5,7000,0.3,0.094816717,0.261122031
5,7000,0.3,0.099552867,0.261118024
3.5,7250,0.3,0.082625064,0.24342112
4,7250,0.3,0.082494988,0.257688969
4.5,7250,0.3,0.086814001,0.258148087
5,7250,0.3,0.091707428,0.258270918
3.5,7500,0.3,0.101841653,0.229897844
4,7500,0.3,0.074191643,0.245969138
4.5,7500,0.3,0.077910648,0.253296754
5,7500,0.3,0.081537237,0.253674248
3.5,7750,0.3,0.114853234,0.22340027
4,7750,0.3,0.083994509,0.232399495
4.5,7750,0.3,0.072059068,0.246732217
5,7750,0.3,0.076040989,0.250346144
3.5,8000,0.3,0.129157198,0.202377722
4,8000,0.3,0.106173658,0.221749204
4.5,8000,0.3,0.076550844,0.240711611
5,8000,0.3,0.070733981,0.244358712
3.5,8250,0.3,0.123728142,0.198070804
4,8250,0.3,0.120779726,0.204081253
4.5,8250,0.3,0.088627074,0.228339985
5,8250,0.3,0.067474747,0.23753403
3.5,8500,0.3,0.116141855,0.192629527
4,8500,0.3,0.117181737,0.192488013
4.5,8500,0.3,0.113127316,0.200586456
5,8500,0.3,0.08195026,0.226634976
3.5,8750,0.3,0.11273145,0.187459345
4,8750,0.3,0.112654158,0.187785243
4.5,8750,0.3,0.11371472,0.189401893
5,8750,0.3,0.09931682,0.208046201
3.5,9000,0.3,0.110402643,0.178459883
4,9000,0.3,0.108428001,0.178820167
4.5,9000,0.3,0.107730992,0.180834864
5,9000,0.3,0.1084802,0.184129561
3.5,9250,0.3,0.110402643,0.178459883
4,9250,0.3,0.108428001,0.178820167
4.5,9250,0.3,0.107730992,0.180834864
5,9250,0.3,0.1084802,0.184129561
3.5,9500,0.3,0.110402643,0.178459883
4,9500,0.3,0.108428001,0.178820167
4.5,9500,0.3,0.107730992,0.180834864
5,9500,0.3,0.1084802,0.184129561
3.5,9750,0.3,0.110402643,0.178459883
4,9750,0.3,0.108428001,0.178820167
4.5,9750,0.3,0.107730992,0.180834864
5,9750,0.3,0.1084802,0.184129561
3.5,10000,0.3,0.110402643,0.178459883
4,10000,0.3,0.108428001,0.178820167
4.5,10000,0.3,0.107730992,0.180834864
5,10000,0.3,0.1084802,0.184129561
3.5,3500,0.5,0.299146921,0.211919459
4,3500,0.5,0.252758927,0.25019208
4.5,3500,0.5,0.160227278,0.299151363
5,3500,0.5,0.096034794,0.31058552
3.5,3750,0.5,0.337964553,0.169244461
4,3750,0.5,0.303307664,0.201268266
4.5,3750,0.5,0.230190369,0.249235419
5,3750,0.5,0.140714654,0.287312342
3.5,4000,0.5,0.361303394,0.16213532
4,4000,0.5,0.350685336,0.168392729
4.5,4000,0.5,0.31149859,0.198923339
5,4000,0.5,0.234470154,0.241547095
3.5,4250,0.5,0.354292935,0.178413437
4,4250,0.5,0.353044079,0.175906353
4.5,4250,0.5,0.338295133,0.185497082
5,4250,0.5,0.287549799,0.217757081
3.5,4500,0.5,0.323423347,0.206113549
4,4500,0.5,0.32746694,0.200762871
4.5,4500,0.5,0.328974736,0.198342252
5,4500,0.5,0.32035208,0.204143365
3.5,4750,0.5,0.298388243,0.221246883
4,4750,0.5,0.304111528,0.215804084
4.5,4750,0.5,0.30757923,0.212489865
5,4750,0.5,0.308343025,0.212083319
3.5,5000,0.5,0.261005785,0.238340616
4,5000,0.5,0.26788438,0.233942009
4.5,5000,0.5,0.272534954,0.2309404
5,5000,0.5,0.275449348,0.229588068
3.5,5250,0.5,0.23769152,0.247025195
4,5250,0.5,0.244427775,0.243214025
4.5,5250,0.5,0.249519652,0.240694994
5,5250,0.5,0.253359446,0.239372619
3.5,5500,0.5,0.202314224,0.260669807
4,5500,0.5,0.210109093,0.255887818
4.5,5500,0.5,0.215951065,0.253076893
5,5500,0.5,0.220852678,0.251450329
3.5,5750,0.5,0.179339216,0.268648168
4,5750,0.5,0.187623807,0.263865687
4.5,5750,0.5,0.194354019,0.260438867
5,5750,0.5,0.19895793,0.258868413
3.5,6000,0.5,0.147816367,0.275331558
4,6000,0.5,0.156069079,0.272646085
4.5,6000,0.5,0.163432238,0.269679997
5,6000,0.5,0.169136461,0.267313654
3.5,6250,0.5,0.130166382,0.275514265
4,6250,0.5,0.137383586,0.275052781
4.5,6250,0.5,0.14506845,0.272930443
5,6250,0.5,0.151212542,0.270723383
3.5,6500,0.5,0.108442585,0.271619999
4,6500,0.5,0.114480403,0.273687231
4.5,6500,0.5,0.121729271,0.273386951
5,6500,0.5,0.127633284,0.272350058
3.5,6750,0.5,0.096381497,0.268211524
4,6750,0.5,0.1025224,0.270451192
4.5,6750,0.5,0.109094158,0.270865078
5,6750,0.5,0.11445806,0.270788817
3.5,7000,0.5,0.083202405,0.261348275
4,7000,0.5,0.087993889,0.264501733
4.5,7000,0.5,0.093649443,0.265421898
5,7000,0.5,0.098703706,0.26617213
3.5,7250,0.5,0.086173081,0.239906112
4,7250,0.5,0.081346546,0.26042566
4.5,7250,0.5,0.08542367,0.261532448
5,7250,0.5,0.090421568,0.262374696
3.5,7500,0.5,0.107995583,0.223645112
4,7500,0.5,0.074709134,0.244565836
4.5,7500,0.5,0.076715687,0.255326661
5,7500,0.5,0.079952085,0.256213739
3.5,7750,0.5,0.116590121,0.222911972
4,7750,0.5,0.084417882,0.240672277
4.5,7750,0.5,0.07117694,0.247293439
5,7750,0.5,0.074671453,0.251947036
3.5,8000,0.5,0.128123514,0.203020114
4,8000,0.5,0.10823911,0.220684486
4.5,8000,0.5,0.075552894,0.237314731
5,8000,0.5,0.068611852,0.244174388
3.5,8250,0.5,0.122763848,0.199159433
4,8250,0.5,0.121346621,0.203354889
4.5,8250,0.5,0.092003027,0.22764385
5,8250,0.5,0.070570071,0.239897651
3.5,8500,0.5,0.115783032,0.193920946
4,8500,0.5,0.116400693,0.193814551
4.5,8500,0.5,0.114235872,0.199494116
5,8500,0.5,0.084625935,0.225424712
3.5,8750,0.5,0.112243453,0.189652566
4,8750,0.5,0.112035456,0.189689901
4.5,8750,0.5,0.112641045,0.191097557
5,8750,0.5,0.100589501,0.206939385
3.5,9000,0.5,0.109634117,0.181242949
4,9000,0.5,0.10741573,0.181994291
4.5,9000,0.5,0.10670646,0.183758464
5,9000,0.5,0.107161377,0.186398262
3.5,9250,0.5,0.109634117,0.181242949
4,9250,0.5,0.10741573,0.181994291
4.5,9250,0.5,0.10670646,0.183758464
5,9250,0.5,0.107161377,0.186398262
3.5,9500,0.5,0.109634117,0.181242949
4,9500,0.5,0.10741573,0.181994291
4.5,9500,0.5,0.10670646,0.183758464
5,9500,0.5,0.107161377,0.186398262
3.5,9750,0.5,0.109634117,0.181242949
4,9750,0.5,0.10741573,0.181994291
4.5,9750,0.5,0.10670646,0.183758464
5,9750,0.5,0.107161377,0.186398262
3.5,10000,0.5,0.109634117,0.181242949
4,10000,0.5,0.10741573,0.181994291
4.5,10000,0.5,0.10670646,0.183758464
5,10000,0.5,0.107161377,0.186398262
3.5,3500,1,0.2913889,0.230296317
4,3500,1,0.267412715,0.261905403
4.5,3500,1,0.239072268,0.291684456
5,3500,1,0.163484034,0.315018992
3.5,3750,1,0.326546827,0.175971621
4,3750,1,0.303766504,0.20033853
4.5,3750,1,0.270889653,0.236153075
5,3750,1,0.222579824,0.27447724
3.5,4000,1,0.355317388,0.159869389
4,4000,1,0.345871309,0.163883182
4.5,4000,1,0.320200668,0.18424586
5,4000,1,0.277967377,0.221047793
3.5,4250,1,0.355188206,0.174271591
4,4250,1,0.352682094,0.17051007
4.5,4250,1,0.341463837,0.175656483
5,4250,1,0.306661353,0.202230142
3.5,4500,1,0.33047513,0.207677852
4,4500,1,0.335464987,0.199031285
4.5,4500,1,0.336964728,0.193448624
5,4500,1,0.33014271,0.195050196
3.5,4750,1,0.305874263,0.227546983
4,4750,1,0.313205858,0.218863657
4.5,4750,1,0.318227114,0.211889182
5,4750,1,0.320779632,0.207153409
3.5,5000,1,0.269469982,0.24632705
4,5000,1,0.276893857,0.240667945
4.5,5000,1,0.283878848,0.234532181
5,5000,1,0.289381714,0.229522449
3.5,5250,1,0.246329667,0.254438589
4,5250,1,0.253434237,0.250318929
4.5,5250,1,0.260779202,0.245504566
5,5250,1,0.266958103,0.241159636
3.5,5500,1,0.212530082,0.266561201
4,5500,1,0.221095689,0.261099247
4.5,5500,1,0.228880901,0.256629673
5,5500,1,0.234078153,0.254573219
3.5,5750,1,0.18923663,0.275359451
4,5750,1,0.198727207,0.269440702
4.5,5750,1,0.207411681,0.264064119
5,5750,1,0.213325089,0.261496828
3.5,6000,1,0.154483518,0.28676183
4,6000,1,0.1656545,0.280983459
4.5,6000,1,0.175696894,0.274973039
5,6000,1,0.182710753,0.271514437
3.5,6250,1,0.133558577,0.290411664
4,6250,1,0.144696424,0.286430747
4.5,6250,1,0.155009546,0.2812132
5,6250,1,0.162895283,0.277525829
3.5,6500,1,0.107071373,0.289584727
4,6500,1,0.116935553,0.288884758
4.5,6500,1,0.126846483,0.286182939
5,6500,1,0.135208104,0.283644166
3.5,6750,1,0.094367128,0.285238098
4,6750,1,0.102073824,0.286330922
4.5,6750,1,0.110660862,0.285852254
5,6750,1,0.118877453,0.284743006
3.5,7000,1,0.083336993,0.270842784
4,7000,1,0.086052075,0.278009885
4.5,7000,1,0.091637103,0.280416457
5,7000,1,0.098552939,0.281490176
3.5,7250,1,0.099309225,0.239123948
4,7250,1,0.077655167,0.267293068
4.5,7250,1,0.082762892,0.274136362
5,7250,1,0.088097683,0.27626331
3.5,7500,1,0.110090289,0.236323285
4,7500,1,0.082650938,0.244405232
4.5,7500,1,0.07351377,0.262333377
5,7500,1,0.076337986,0.266599165
3.5,7750,1,0.121100422,0.223744841
4,7750,1,0.093719117,0.240434733
4.5,7750,1,0.070242693,0.250565304
5,7750,1,0.071814298,0.259573331
3.5,8000,1,0.123291879,0.207278041
4,8000,1,0.114632637,0.218708705
4.5,8000,1,0.083831584,0.239039068
5,8000,1,0.066267766,0.246024239
3.5,8250,1,0.119762989,0.20226776
4,8250,1,0.119259384,0.204781222
4.5,8250,1,0.099522131,0.224025065
5,8250,1,0.072799618,0.241622845
3.5,8500,1,0.115449416,0.195606761
4,8500,1,0.114311598,0.196648056
4.5,8500,1,0.112966672,0.200242611
5,8500,1,0.092583314,0.221242266
3.5,8750,1,0.113132599,0.191744696
4,8750,1,0.111391245,0.192267631
4.5,8750,1,0.110188537,0.194409803
5,8750,1,0.104337571,0.203539314
3.5,9000,1,0.110775559,0.186199832
4,9000,1,0.10772274,0.186525325
4.5,9000,1,0.106140686,0.187644591
5,9000,1,0.104971416,0.189918205
3.5,9250,1,0.110775559,0.186199832
4,9250,1,0.10772274,0.186525325
4.5,9250,1,0.106140686,0.187644591
5,9250,1,0.104971416,0.189918205
3.5,9500,1,0.110775559,0.186199832
4,9500,1,0.10772274,0.186525325
4.5,9500,1,0.106140686,0.187644591
5,9500,1,0.104971416,0.189918205
3.5,9750,1,0.110775559,0.186199832
4,9750,1,0.10772274,0.186525325
4.5,9750,1,0.106140686,0.187644591
5,9750,1,0.104971416,0.189918205
3.5,10000,1,0.110775559,0.186199832
4,10000,1,0.10772274,0.186525325
4.5,10000,1,0.106140686,0.187644591
5,10000,1,0.104971416,0.189918205